,nasid,position,ts,mac,controllerid,pwr,count
0,4014,center,2017-12-27 07:16:39,d0:b3:3f:ce:be:a9,[10],[-85.0],1
1,4014,center,2017-12-27 07:16:47,d0:b3:3f:ce:be:a9,[10],[-87.0],1
2,4014,center,2017-12-27 07:16:53,d0:b3:3f:ce:be:a9,[10],[-79.94117647058823],1
3,4014,center,2017-12-27 07:16:58,d0:b3:3f:ce:be:a9,[10],[-77.58333333333333],1
4,4014,center,2017-12-27 07:17:02,d0:b3:3f:ce:be:a9,[10],[-78.27777777777777],1
5,4014,center,2017-12-27 07:17:07,d0:b3:3f:ce:be:a9,[10],[-77.35],1
6,4014,center,2017-12-27 07:17:11,d0:b3:3f:ce:be:a9,[10],[-77.47368421052632],1
7,4014,center,2017-12-27 07:17:16,d0:b3:3f:ce:be:a9,[11],[-80.0],1
8,4014,center,2017-12-27 07:17:17,d0:b3:3f:ce:be:a9,[10],[-74.32432432432432],1
9,4014,center,2017-12-27 07:17:21,d0:b3:3f:ce:be:a9,[10],[-73.43478260869566],1
10,4014,center,2017-12-27 07:17:23,d0:b3:3f:ce:be:a9,[11],[-82.16666666666667],1
11,4014,center,2017-12-27 07:17:24,d0:b3:3f:ce:be:a9,[12],[-85.0],1
12,4014,center,2017-12-27 07:17:25,d0:b3:3f:ce:be:a9,[10],[-71.58620689655173],1
13,4014,center,2017-12-27 07:17:31,d0:b3:3f:ce:be:a9,[11],[-82.875],1
14,4014,center,2017-12-27 07:17:33,d0:b3:3f:ce:be:a9,[10],[-77.73529411764706],1
15,4014,center,2017-12-27 07:17:38,d0:b3:3f:ce:be:a9,[8],[-85.0],1
16,4014,center,2017-12-27 07:17:39,d0:b3:3f:ce:be:a9,[11],[-79.71428571428571],1
17,4014,center,2017-12-27 07:17:40,d0:b3:3f:ce:be:a9,[10],[-82.14285714285714],1
18,4014,center,2017-12-27 07:17:44,d0:b3:3f:ce:be:a9,[10],[-84.0],1
19,4014,center,2017-12-27 07:17:45,d0:b3:3f:ce:be:a9,"[8, 11]","[-83.16666666666667, -78.875]",2
20,4014,center,2017-12-27 07:17:49,d0:b3:3f:ce:be:a9,[10],[-83.33333333333333],1
21,4014,center,2017-12-27 07:17:54,d0:b3:3f:ce:be:a9,[8],[-86.0],1
22,4014,center,2017-12-27 07:17:55,d0:b3:3f:ce:be:a9,[11],[-82.33333333333333],1
23,4014,center,2017-12-27 07:17:56,d0:b3:3f:ce:be:a9,[10],[-81.0],1
24,4014,center,2017-12-27 07:18:01,d0:b3:3f:ce:be:a9,[8],[-79.53125],1
25,4014,center,2017-12-27 07:18:04,d0:b3:3f:ce:be:a9,"[9, 10, 11]","[-81.9, -86.0, -83.14285714285714]",3
26,4014,center,2017-12-27 07:18:05,d0:b3:3f:ce:be:a9,[12],[-86.0],1
27,4014,center,2017-12-27 07:18:08,d0:b3:3f:ce:be:a9,[8],[-78.53125],1
28,4014,center,2017-12-27 07:18:11,d0:b3:3f:ce:be:a9,[9],[-82.33333333333333],1
29,4014,center,2017-12-27 07:18:13,d0:b3:3f:ce:be:a9,[12],[-87.0],1
30,4014,center,2017-12-27 07:18:14,d0:b3:3f:ce:be:a9,"[8, 13]","[-78.52, -87.0]",2
31,4014,center,2017-12-27 07:18:19,d0:b3:3f:ce:be:a9,[9],[-83.5],1
32,4014,center,2017-12-27 07:18:20,d0:b3:3f:ce:be:a9,[8],[-79.57142857142857],1
33,4014,center,2017-12-27 07:18:21,d0:b3:3f:ce:be:a9,"[12, 13]","[-84.0, -84.2]",2
34,4014,center,2017-12-27 07:18:25,d0:b3:3f:ce:be:a9,"[8, 9, 12]","[-77.04761904761905, -84.0, -82.0]",3
35,4014,center,2017-12-27 07:18:27,d0:b3:3f:ce:be:a9,[13],[-87.0],1
36,4014,center,2017-12-27 07:18:37,d0:b3:3f:ce:be:a9,[8],[-79.88888888888889],1
37,4014,center,2017-12-27 07:18:39,d0:b3:3f:ce:be:a9,"[12, 14]","[-81.5, -82.5]",2
38,4014,center,2017-12-27 07:18:41,d0:b3:3f:ce:be:a9,[13],[-82.625],1
39,4014,center,2017-12-27 07:18:44,d0:b3:3f:ce:be:a9,[8],[-86.0],1
40,4014,center,2017-12-27 07:18:47,d0:b3:3f:ce:be:a9,"[12, 13]","[-83.5, -75.82926829268293]",2
41,4014,center,2017-12-27 07:18:50,d0:b3:3f:ce:be:a9,[8],[-82.0],1
42,4014,center,2017-12-27 07:18:52,d0:b3:3f:ce:be:a9,[10],[-86.0],1
43,4014,center,2017-12-27 07:18:54,d0:b3:3f:ce:be:a9,[13],[-73.81481481481481],1
44,4014,center,2017-12-27 07:18:55,d0:b3:3f:ce:be:a9,[12],[-79.17857142857143],1
45,4014,center,2017-12-27 07:18:58,d0:b3:3f:ce:be:a9,"[8, 10]","[-82.95, -85.5]",2
46,4014,center,2017-12-27 07:19:02,d0:b3:3f:ce:be:a9,[13],[-74.73333333333333],1
47,4014,center,2017-12-27 07:19:04,d0:b3:3f:ce:be:a9,[12],[-83.04545454545455],1
48,4014,center,2017-12-27 07:19:06,d0:b3:3f:ce:be:a9,"[8, 10]","[-84.3076923076923, -83.42857142857143]",2
49,4014,center,2017-12-27 07:19:11,d0:b3:3f:ce:be:a9,"[12, 13]","[-88.0, -79.5625]",2
50,4014,center,2017-12-27 07:33:51,d0:b3:3f:ce:be:a9,[10],[-82.2],1
51,4014,center,2017-12-27 07:33:55,d0:b3:3f:ce:be:a9,[13],[-79.6086956521739],1
52,4014,center,2017-12-27 07:33:57,d0:b3:3f:ce:be:a9,[10],[-80.25],1
53,4014,center,2017-12-27 07:34:04,d0:b3:3f:ce:be:a9,"[10, 13]","[-81.71428571428571, -83.0]",2
54,4014,center,2017-12-27 07:34:10,d0:b3:3f:ce:be:a9,[13],[-84.5],1
55,4014,center,2017-12-27 07:34:11,d0:b3:3f:ce:be:a9,[10],[-81.66666666666667],1
56,4014,center,2017-12-27 07:34:17,d0:b3:3f:ce:be:a9,[13],[-84.25],1
57,4014,center,2017-12-27 07:50:43,d0:b3:3f:ce:be:a9,[10],[-86.5],1
58,4014,center,2017-12-27 07:50:51,d0:b3:3f:ce:be:a9,[10],[-85.0],1
59,4014,center,2017-12-27 07:50:58,d0:b3:3f:ce:be:a9,[10],[-84.66666666666667],1
60,4014,center,2017-12-27 07:51:04,d0:b3:3f:ce:be:a9,[10],[-83.52941176470588],1
61,4014,center,2017-12-27 07:51:11,d0:b3:3f:ce:be:a9,[10],[-85.57142857142857],1
62,4014,center,2017-12-27 07:51:19,d0:b3:3f:ce:be:a9,[10],[-84.1470588235294],1
63,4014,center,2017-12-27 07:51:24,d0:b3:3f:ce:be:a9,[10],[-84.26666666666667],1
64,4014,center,2017-12-27 07:51:29,d0:b3:3f:ce:be:a9,[10],[-83.58333333333333],1
65,4014,center,2017-12-27 07:51:36,d0:b3:3f:ce:be:a9,[10],[-81.47058823529412],1
66,4014,center,2017-12-27 07:51:39,d0:b3:3f:ce:be:a9,[10],[-81.375],1
67,4014,center,2017-12-27 07:51:46,d0:b3:3f:ce:be:a9,[10],[-80.15384615384616],1
68,4014,center,2017-12-27 07:51:51,d0:b3:3f:ce:be:a9,[10],[-79.58620689655173],1
69,4014,center,2017-12-27 07:51:56,d0:b3:3f:ce:be:a9,"[10, 11]","[-79.03703703703704, -86.0]",2
70,4014,center,2017-12-27 07:52:01,d0:b3:3f:ce:be:a9,[10],[-77.5],1
71,4014,center,2017-12-27 07:52:05,d0:b3:3f:ce:be:a9,"[10, 11]","[-75.51282051282051, -86.22222222222223]",2
72,4014,center,2017-12-27 07:52:11,d0:b3:3f:ce:be:a9,[10],[-75.41935483870968],1
73,4014,center,2017-12-27 07:52:12,d0:b3:3f:ce:be:a9,[11],[-85.58333333333333],1
74,4014,center,2017-12-27 07:52:15,d0:b3:3f:ce:be:a9,[10],[-75.13888888888889],1
75,4014,center,2017-12-27 07:52:19,d0:b3:3f:ce:be:a9,[11],[-84.55555555555556],1
76,4014,center,2017-12-27 07:52:20,d0:b3:3f:ce:be:a9,[10],[-74.43478260869566],1
77,4014,center,2017-12-27 07:52:22,d0:b3:3f:ce:be:a9,[8],[-88.0],1
78,4014,center,2017-12-27 07:52:26,d0:b3:3f:ce:be:a9,[10],[-73.36363636363636],1
79,4014,center,2017-12-27 07:52:27,d0:b3:3f:ce:be:a9,[11],[-82.3529411764706],1
80,4014,center,2017-12-27 07:52:30,d0:b3:3f:ce:be:a9,[12],[-84.25],1
81,4014,center,2017-12-27 07:52:31,d0:b3:3f:ce:be:a9,[8],[-85.5],1
82,4014,center,2017-12-27 07:52:33,d0:b3:3f:ce:be:a9,[10],[-72.78571428571429],1
83,4014,center,2017-12-27 07:52:34,d0:b3:3f:ce:be:a9,[11],[-82.05555555555556],1
84,4014,center,2017-12-27 07:52:37,d0:b3:3f:ce:be:a9,[12],[-83.16666666666667],1
85,4014,center,2017-12-27 07:52:38,d0:b3:3f:ce:be:a9,[8],[-86.16666666666667],1
86,4014,center,2017-12-27 07:52:40,d0:b3:3f:ce:be:a9,[10],[-67.05],1
87,4014,center,2017-12-27 07:52:41,d0:b3:3f:ce:be:a9,"[9, 11]","[-86.0, -83.56666666666666]",2
88,4014,center,2017-12-27 07:52:43,d0:b3:3f:ce:be:a9,[12],[-86.81818181818181],1
89,4014,center,2017-12-27 07:52:45,d0:b3:3f:ce:be:a9,"[8, 10]","[-86.0, -72.22222222222223]",2
90,4014,center,2017-12-27 07:52:47,d0:b3:3f:ce:be:a9,[11],[-82.38235294117646],1
91,4014,center,2017-12-27 07:52:48,d0:b3:3f:ce:be:a9,[12],[-86.66666666666667],1
92,4014,center,2017-12-27 07:52:49,d0:b3:3f:ce:be:a9,"[9, 10]","[-87.0, -74.92857142857143]",2
93,4014,center,2017-12-27 07:52:51,d0:b3:3f:ce:be:a9,[8],[-86.0],1
94,4014,center,2017-12-27 07:52:52,d0:b3:3f:ce:be:a9,[11],[-81.93939393939394],1
95,4014,center,2017-12-27 07:52:53,d0:b3:3f:ce:be:a9,[10],[-77.42857142857143],1
96,4014,center,2017-12-27 07:52:54,d0:b3:3f:ce:be:a9,[12],[-86.0],1
97,4014,center,2017-12-27 07:52:56,d0:b3:3f:ce:be:a9,[8],[-84.1875],1
98,4014,center,2017-12-27 07:52:57,d0:b3:3f:ce:be:a9,"[10, 11]","[-80.04, -82.10714285714286]",2
99,4014,center,2017-12-27 07:52:59,d0:b3:3f:ce:be:a9,[12],[-86.66666666666667],1
100,4014,center,2017-12-27 07:53:00,d0:b3:3f:ce:be:a9,"[8, 10]","[-82.875, -81.4]",2
101,4014,center,2017-12-27 07:53:01,d0:b3:3f:ce:be:a9,[11],[-81.57894736842105],1
102,4014,center,2017-12-27 07:53:03,d0:b3:3f:ce:be:a9,[12],[-87.33333333333333],1
103,4014,center,2017-12-27 07:53:04,d0:b3:3f:ce:be:a9,"[8, 10]","[-82.11111111111111, -81.92307692307692]",2
104,4014,center,2017-12-27 07:53:05,d0:b3:3f:ce:be:a9,[11],[-81.3103448275862],1
105,4014,center,2017-12-27 07:53:07,d0:b3:3f:ce:be:a9,[8],[-83.21739130434783],1
106,4014,center,2017-12-27 07:53:09,d0:b3:3f:ce:be:a9,"[10, 11]","[-80.51515151515152, -82.04761904761905]",2
107,4014,center,2017-12-27 07:53:13,d0:b3:3f:ce:be:a9,[8],[-82.83333333333333],1
108,4014,center,2017-12-27 07:53:14,d0:b3:3f:ce:be:a9,[10],[-79.78787878787878],1
109,4014,center,2017-12-27 07:53:15,d0:b3:3f:ce:be:a9,[12],[-87.4],1
110,4014,center,2017-12-27 07:53:16,d0:b3:3f:ce:be:a9,[11],[-81.94736842105263],1
111,4014,center,2017-12-27 07:53:19,d0:b3:3f:ce:be:a9,[8],[-82.4090909090909],1
112,4014,center,2017-12-27 07:53:20,d0:b3:3f:ce:be:a9,[10],[-82.66666666666667],1
113,4014,center,2017-12-27 07:53:23,d0:b3:3f:ce:be:a9,[11],[-81.3157894736842],1
114,4014,center,2017-12-27 07:53:27,d0:b3:3f:ce:be:a9,"[8, 10]","[-83.43333333333334, -83.125]",2
115,4014,center,2017-12-27 07:53:28,d0:b3:3f:ce:be:a9,[11],[-80.92],1
116,4014,center,2017-12-27 07:53:32,d0:b3:3f:ce:be:a9,[10],[-84.07692307692308],1
117,4014,center,2017-12-27 07:53:33,d0:b3:3f:ce:be:a9,[8],[-85.13333333333334],1
118,4014,center,2017-12-27 07:53:35,d0:b3:3f:ce:be:a9,[11],[-82.94117647058823],1
119,4014,center,2017-12-27 07:53:37,d0:b3:3f:ce:be:a9,[10],[-83.56],1
120,4014,center,2017-12-27 07:53:40,d0:b3:3f:ce:be:a9,[8],[-86.23076923076923],1
121,4014,center,2017-12-27 07:53:44,d0:b3:3f:ce:be:a9,"[10, 11]","[-83.62068965517241, -83.91428571428571]",2
122,4014,center,2017-12-27 07:53:48,d0:b3:3f:ce:be:a9,[8],[-85.03571428571429],1
123,4014,center,2017-12-27 07:53:52,d0:b3:3f:ce:be:a9,[10],[-86.3],1
124,4014,center,2017-12-27 07:53:54,d0:b3:3f:ce:be:a9,[11],[-84.66666666666667],1
125,4014,center,2017-12-27 07:53:57,d0:b3:3f:ce:be:a9,[8],[-87.07692307692308],1
126,4014,center,2017-12-27 07:53:59,d0:b3:3f:ce:be:a9,[10],[-86.5],1
127,4014,center,2017-12-27 07:54:01,d0:b3:3f:ce:be:a9,[11],[-85.84210526315789],1
128,4014,center,2017-12-27 07:54:04,d0:b3:3f:ce:be:a9,[8],[-86.5],1
129,4014,center,2017-12-27 07:54:08,d0:b3:3f:ce:be:a9,"[10, 11]","[-86.5, -84.6923076923077]",2
130,4014,center,2017-12-27 07:54:12,d0:b3:3f:ce:be:a9,[8],[-86.83333333333333],1
131,4014,center,2017-12-27 07:54:18,d0:b3:3f:ce:be:a9,[10],[-86.5],1
132,4014,center,2017-12-27 07:54:19,d0:b3:3f:ce:be:a9,[11],[-84.47058823529412],1
133,4014,center,2017-12-27 07:54:21,d0:b3:3f:ce:be:a9,[8],[-87.5],1
134,4014,center,2017-12-27 07:54:25,d0:b3:3f:ce:be:a9,[10],[-86.33333333333333],1
135,4014,center,2017-12-27 07:54:31,d0:b3:3f:ce:be:a9,"[8, 10]","[-84.94117647058823, -85.45454545454545]",2
136,4014,center,2017-12-27 07:54:36,d0:b3:3f:ce:be:a9,[8],[-86.23076923076923],1
137,4014,center,2017-12-27 07:54:38,d0:b3:3f:ce:be:a9,[10],[-85.95],1
138,4014,center,2017-12-27 07:54:46,d0:b3:3f:ce:be:a9,"[8, 10]","[-85.94117647058823, -86.27272727272727]",2
139,4014,center,2017-12-27 07:54:51,d0:b3:3f:ce:be:a9,"[8, 11]","[-83.3125, -86.0]",2
140,4014,center,2017-12-27 07:54:52,d0:b3:3f:ce:be:a9,[10],[-86.2],1
141,4014,center,2017-12-27 07:54:54,d0:b3:3f:ce:be:a9,[9],[-85.66666666666667],1
142,4014,center,2017-12-27 07:54:58,d0:b3:3f:ce:be:a9,"[8, 11]","[-80.52380952380952, -83.2258064516129]",2
143,4014,center,2017-12-27 07:55:00,d0:b3:3f:ce:be:a9,"[10, 12]","[-86.57142857142857, -85.83333333333333]",2
144,4014,center,2017-12-27 07:55:01,d0:b3:3f:ce:be:a9,[9],[-82.24],1
145,4014,center,2017-12-27 07:55:04,d0:b3:3f:ce:be:a9,[8],[-79.5],1
146,4014,center,2017-12-27 07:55:06,d0:b3:3f:ce:be:a9,[10],[-86.33333333333333],1
147,4014,center,2017-12-27 07:55:07,d0:b3:3f:ce:be:a9,"[11, 12]","[-84.54166666666667, -86.0]",2
148,4014,center,2017-12-27 07:55:08,d0:b3:3f:ce:be:a9,"[8, 9]","[-77.55172413793103, -80.6086956521739]",2
149,4014,center,2017-12-27 07:55:13,d0:b3:3f:ce:be:a9,"[8, 12]","[-80.41935483870968, -85.5]",2
150,4014,center,2017-12-27 07:55:14,d0:b3:3f:ce:be:a9,[13],[-83.66666666666667],1
151,4014,center,2017-12-27 07:55:15,d0:b3:3f:ce:be:a9,[9],[-84.22222222222223],1
152,4014,center,2017-12-27 07:55:18,d0:b3:3f:ce:be:a9,[8],[-79.6969696969697],1
153,4014,center,2017-12-27 07:55:19,d0:b3:3f:ce:be:a9,"[12, 13]","[-85.66666666666667, -84.66666666666667]",2
154,4014,center,2017-12-27 07:55:23,d0:b3:3f:ce:be:a9,"[9, 14]","[-85.5, -87.0]",2
155,4014,center,2017-12-27 07:55:25,d0:b3:3f:ce:be:a9,[8],[-81.26190476190476],1
156,4014,center,2017-12-27 07:55:26,d0:b3:3f:ce:be:a9,"[12, 13]","[-83.89473684210526, -84.25]",2
157,4014,center,2017-12-27 07:55:28,d0:b3:3f:ce:be:a9,[9],[-87.0],1
158,4014,center,2017-12-27 07:55:30,d0:b3:3f:ce:be:a9,"[8, 13, 14]","[-82.55, -89.0, -84.41666666666667]",3
159,4014,center,2017-12-27 07:55:31,d0:b3:3f:ce:be:a9,[12],[-87.25],1
160,4014,center,2017-12-27 07:55:36,d0:b3:3f:ce:be:a9,[8],[-86.0],1
161,4014,center,2017-12-27 07:55:37,d0:b3:3f:ce:be:a9,"[12, 13]","[-87.0, -85.85714285714286]",2
162,4014,center,2017-12-27 07:55:43,d0:b3:3f:ce:be:a9,[8],[-85.42857142857143],1
163,4014,center,2017-12-27 07:55:44,d0:b3:3f:ce:be:a9,[13],[-79.38095238095238],1
164,4014,center,2017-12-27 07:55:45,d0:b3:3f:ce:be:a9,[12],[-86.18181818181819],1
165,4014,center,2017-12-27 07:55:48,d0:b3:3f:ce:be:a9,[8],[-85.3529411764706],1
166,4014,center,2017-12-27 07:55:49,d0:b3:3f:ce:be:a9,"[12, 13]","[-83.65, -75.38095238095238]",2
167,4014,center,2017-12-27 07:55:53,d0:b3:3f:ce:be:a9,[8],[-81.2],1
168,4014,center,2017-12-27 07:55:54,d0:b3:3f:ce:be:a9,[13],[-74.45714285714286],1
169,4014,center,2017-12-27 07:55:55,d0:b3:3f:ce:be:a9,[12],[-79.64864864864865],1
170,4014,center,2017-12-27 07:55:56,d0:b3:3f:ce:be:a9,[10],[-85.33333333333333],1
171,4014,center,2017-12-27 07:55:59,d0:b3:3f:ce:be:a9,"[8, 13]","[-83.94594594594595, -72.06451612903226]",2
172,4014,center,2017-12-27 07:56:00,d0:b3:3f:ce:be:a9,[10],[-83.75],1
173,4014,center,2017-12-27 07:56:01,d0:b3:3f:ce:be:a9,[12],[-83.84375],1
174,4014,center,2017-12-27 07:56:04,d0:b3:3f:ce:be:a9,"[8, 13]","[-82.75, -78.05882352941177]",2
175,4014,center,2017-12-27 07:56:05,d0:b3:3f:ce:be:a9,[10],[-81.86666666666666],1
176,4014,center,2017-12-27 07:56:08,d0:b3:3f:ce:be:a9,[12],[-85.84615384615384],1
177,4014,center,2017-12-27 07:56:13,d0:b3:3f:ce:be:a9,"[8, 13]","[-87.0, -81.94117647058823]",2
178,4014,center,2017-12-27 08:02:06,d0:b3:3f:ce:be:a9,[13],[-88.0],1
179,4014,center,2017-12-27 08:02:09,d0:b3:3f:ce:be:a9,[8],[-86.0],1
180,4014,center,2017-12-27 08:02:11,d0:b3:3f:ce:be:a9,[10],[-81.0],1
181,4014,center,2017-12-27 08:02:12,d0:b3:3f:ce:be:a9,[13],[-77.3],1
182,4014,center,2017-12-27 08:02:13,d0:b3:3f:ce:be:a9,[12],[-84.625],1
183,4014,center,2017-12-27 08:02:14,d0:b3:3f:ce:be:a9,[8],[-82.36842105263158],1
184,4014,center,2017-12-27 08:02:15,d0:b3:3f:ce:be:a9,[10],[-84.84615384615384],1
185,4014,center,2017-12-27 08:02:16,d0:b3:3f:ce:be:a9,"[12, 13]","[-83.23529411764706, -72.39285714285714]",2
186,4014,center,2017-12-27 08:02:17,d0:b3:3f:ce:be:a9,[8],[-79.46666666666667],1
187,4014,center,2017-12-27 08:02:20,d0:b3:3f:ce:be:a9,"[10, 12, 13]","[-85.5, -81.9, -71.85]",3
188,4014,center,2017-12-27 08:02:21,d0:b3:3f:ce:be:a9,[8],[-82.23529411764706],1
189,4014,center,2017-12-27 08:02:24,d0:b3:3f:ce:be:a9,[13],[-79.64],1
190,4014,center,2017-12-27 08:02:25,d0:b3:3f:ce:be:a9,[12],[-86.55555555555556],1
191,4014,center,2017-12-27 08:02:26,d0:b3:3f:ce:be:a9,[8],[-85.5],1
192,4014,center,2017-12-27 08:02:29,d0:b3:3f:ce:be:a9,[13],[-80.3913043478261],1
193,4014,center,2017-12-27 08:02:30,d0:b3:3f:ce:be:a9,"[8, 10, 12]","[-84.0, -86.0, -84.25]",3
194,4014,center,2017-12-27 08:02:32,d0:b3:3f:ce:be:a9,[13],[-84.91666666666667],1
195,4014,center,2017-12-27 08:02:34,d0:b3:3f:ce:be:a9,[8],[-85.0],1
196,4014,center,2017-12-27 08:02:39,d0:b3:3f:ce:be:a9,"[8, 13]","[-80.5, -86.25]",2
197,4014,center,2017-12-27 08:02:40,d0:b3:3f:ce:be:a9,[9],[-86.0],1
198,4014,center,2017-12-27 08:02:41,d0:b3:3f:ce:be:a9,[14],[-82.66666666666667],1
199,4014,center,2017-12-27 08:02:44,d0:b3:3f:ce:be:a9,[12],[-86.66666666666667],1
200,4014,center,2017-12-27 08:02:45,d0:b3:3f:ce:be:a9,[8],[-78.89655172413794],1
201,4014,center,2017-12-27 08:02:46,d0:b3:3f:ce:be:a9,[13],[-87.0],1
202,4014,center,2017-12-27 08:02:47,d0:b3:3f:ce:be:a9,[9],[-87.0],1
203,4014,center,2017-12-27 08:02:50,d0:b3:3f:ce:be:a9,"[8, 12, 14]","[-76.86206896551724, -85.75, -82.73333333333333]",3
204,4014,center,2017-12-27 08:02:52,d0:b3:3f:ce:be:a9,[13],[-87.33333333333333],1
205,4014,center,2017-12-27 08:02:54,d0:b3:3f:ce:be:a9,[9],[-84.9],1
206,4014,center,2017-12-27 08:02:55,d0:b3:3f:ce:be:a9,"[8, 12, 14]","[-78.06896551724138, -85.46153846153847, -84.54545454545455]",3
207,4014,center,2017-12-27 08:03:00,d0:b3:3f:ce:be:a9,[13],[-85.28571428571429],1
208,4014,center,2017-12-27 08:03:03,d0:b3:3f:ce:be:a9,"[8, 9, 12]","[-77.0, -84.55555555555556, -85.14285714285714]",3
209,4014,center,2017-12-27 08:03:04,d0:b3:3f:ce:be:a9,[14],[-81.33333333333333],1
210,4014,center,2017-12-27 08:03:06,d0:b3:3f:ce:be:a9,[13],[-85.63636363636364],1
211,4014,center,2017-12-27 08:03:08,d0:b3:3f:ce:be:a9,"[8, 12]","[-77.3076923076923, -84.0625]",2
212,4014,center,2017-12-27 08:03:12,d0:b3:3f:ce:be:a9,[9],[-83.5],1
213,4014,center,2017-12-27 08:03:14,d0:b3:3f:ce:be:a9,[13],[-85.83333333333333],1
214,4014,center,2017-12-27 08:03:15,d0:b3:3f:ce:be:a9,"[8, 14]","[-78.8157894736842, -85.6896551724138]",2
215,4014,center,2017-12-27 08:03:16,d0:b3:3f:ce:be:a9,[12],[-86.0909090909091],1
216,4014,center,2017-12-27 08:03:19,d0:b3:3f:ce:be:a9,"[9, 13]","[-86.0, -85.0]",2
217,4014,center,2017-12-27 08:03:20,d0:b3:3f:ce:be:a9,[8],[-79.08],1
218,4014,center,2017-12-27 08:03:22,d0:b3:3f:ce:be:a9,[12],[-86.25],1
219,4014,center,2017-12-27 08:03:23,d0:b3:3f:ce:be:a9,[14],[-84.75],1
220,4014,center,2017-12-27 08:03:28,d0:b3:3f:ce:be:a9,[8],[-82.47619047619048],1
221,4014,center,2017-12-27 08:03:29,d0:b3:3f:ce:be:a9,[13],[-86.4],1
222,4014,center,2017-12-27 08:03:30,d0:b3:3f:ce:be:a9,[12],[-88.0],1
223,4014,center,2017-12-27 08:03:34,d0:b3:3f:ce:be:a9,[8],[-83.7],1
224,4014,center,2017-12-27 08:03:35,d0:b3:3f:ce:be:a9,[13],[-84.85714285714286],1
225,4014,center,2017-12-27 08:03:36,d0:b3:3f:ce:be:a9,[12],[-85.33333333333333],1
226,4014,center,2017-12-27 08:03:38,d0:b3:3f:ce:be:a9,[8],[-84.42857142857143],1
227,4014,center,2017-12-27 08:03:40,d0:b3:3f:ce:be:a9,[13],[-79.94594594594595],1
228,4014,center,2017-12-27 08:03:41,d0:b3:3f:ce:be:a9,[12],[-85.23076923076923],1
229,4014,center,2017-12-27 08:03:42,d0:b3:3f:ce:be:a9,[14],[-86.0],1
230,4014,center,2017-12-27 08:03:43,d0:b3:3f:ce:be:a9,[8],[-86.45454545454545],1
231,4014,center,2017-12-27 08:03:45,d0:b3:3f:ce:be:a9,[13],[-75.65714285714286],1
232,4014,center,2017-12-27 08:03:46,d0:b3:3f:ce:be:a9,"[10, 12]","[-84.5, -85.47058823529412]",2
233,4014,center,2017-12-27 08:03:49,d0:b3:3f:ce:be:a9,[8],[-84.34615384615384],1
234,4014,center,2017-12-27 08:03:50,d0:b3:3f:ce:be:a9,[13],[-76.2],1
235,4014,center,2017-12-27 08:03:51,d0:b3:3f:ce:be:a9,[12],[-83.42857142857143],1
236,4014,center,2017-12-27 08:03:52,d0:b3:3f:ce:be:a9,[10],[-85.14285714285714],1
237,4014,center,2017-12-27 08:03:55,d0:b3:3f:ce:be:a9,"[8, 13]","[-83.07407407407408, -72.28571428571429]",2
238,4014,center,2017-12-27 08:03:56,d0:b3:3f:ce:be:a9,[12],[-83.72413793103448],1
239,4014,center,2017-12-27 08:03:57,d0:b3:3f:ce:be:a9,[10],[-82.5],1
240,4014,center,2017-12-27 08:04:00,d0:b3:3f:ce:be:a9,"[8, 13]","[-83.66666666666667, -74.8974358974359]",2
241,4014,center,2017-12-27 08:04:04,d0:b3:3f:ce:be:a9,[12],[-85.0],1
242,4014,center,2017-12-27 08:04:05,d0:b3:3f:ce:be:a9,[10],[-84.89473684210526],1
243,4014,center,2017-12-27 08:04:06,d0:b3:3f:ce:be:a9,[8],[-85.33333333333333],1
244,4014,center,2017-12-27 08:04:07,d0:b3:3f:ce:be:a9,[13],[-81.71428571428571],1
245,4014,center,2017-12-27 08:04:35,d0:b3:3f:ce:be:a9,[13],[-85.66666666666667],1
246,4014,center,2017-12-27 08:04:36,d0:b3:3f:ce:be:a9,[10],[-86.4],1
247,4014,center,2017-12-27 08:04:38,d0:b3:3f:ce:be:a9,[8],[-86.0],1
248,4014,center,2017-12-27 08:04:41,d0:b3:3f:ce:be:a9,"[10, 12, 13]","[-84.375, -87.16666666666667, -81.75]",3
249,4014,center,2017-12-27 08:04:43,d0:b3:3f:ce:be:a9,[8],[-84.77777777777777],1
250,4014,center,2017-12-27 08:04:45,d0:b3:3f:ce:be:a9,"[8, 10, 13]","[-84.55555555555556, -80.33333333333333, -78.56]",3
251,4014,center,2017-12-27 08:04:46,d0:b3:3f:ce:be:a9,"[12, 14]","[-85.0, -87.0]",2
252,4014,center,2017-12-27 08:04:49,d0:b3:3f:ce:be:a9,"[8, 10]","[-82.0, -78.07142857142857]",2
253,4014,center,2017-12-27 08:04:50,d0:b3:3f:ce:be:a9,[13],[-76.05405405405405],1
254,4014,center,2017-12-27 08:04:52,d0:b3:3f:ce:be:a9,[12],[-83.25],1
255,4014,center,2017-12-27 08:04:54,d0:b3:3f:ce:be:a9,[8],[-85.5],1
256,4014,center,2017-12-27 08:04:55,d0:b3:3f:ce:be:a9,[10],[-84.33333333333333],1
257,4014,center,2017-12-27 08:04:58,d0:b3:3f:ce:be:a9,[13],[-82.27777777777777],1
258,4014,center,2017-12-27 08:05:18,d0:b3:3f:ce:be:a9,[13],[-86.46153846153847],1
259,4014,center,2017-12-27 08:05:19,d0:b3:3f:ce:be:a9,[12],[-88.0],1
260,4014,center,2017-12-27 08:05:20,d0:b3:3f:ce:be:a9,[8],[-84.4],1
261,4014,center,2017-12-27 08:05:22,d0:b3:3f:ce:be:a9,[10],[-80.52941176470588],1
262,4014,center,2017-12-27 08:05:23,d0:b3:3f:ce:be:a9,[13],[-76.3157894736842],1
263,4014,center,2017-12-27 08:05:24,d0:b3:3f:ce:be:a9,"[8, 12]","[-83.8, -85.0]",2
264,4014,center,2017-12-27 08:05:27,d0:b3:3f:ce:be:a9,[10],[-79.57692307692308],1
265,4014,center,2017-12-27 08:05:28,d0:b3:3f:ce:be:a9,"[12, 13]","[-84.78947368421052, -78.86206896551724]",2
266,4014,center,2017-12-27 08:05:29,d0:b3:3f:ce:be:a9,[8],[-84.76470588235294],1
267,4014,center,2017-12-27 08:05:32,d0:b3:3f:ce:be:a9,[13],[-79.3125],1
268,4014,center,2017-12-27 08:05:33,d0:b3:3f:ce:be:a9,"[8, 10, 12]","[-85.94444444444444, -79.52380952380952, -84.16666666666667]",3
269,4014,center,2017-12-27 08:05:38,d0:b3:3f:ce:be:a9,"[12, 13]","[-86.4, -82.02777777777777]",2
270,4014,center,2017-12-27 08:05:39,d0:b3:3f:ce:be:a9,[8],[-84.94444444444444],1
271,4014,center,2017-12-27 08:05:40,d0:b3:3f:ce:be:a9,[10],[-80.23333333333333],1
272,4014,center,2017-12-27 08:05:43,d0:b3:3f:ce:be:a9,"[8, 12, 13]","[-83.27272727272727, -83.9, -76.03030303030303]",3
273,4014,center,2017-12-27 08:05:46,d0:b3:3f:ce:be:a9,"[10, 13]","[-81.42857142857143, -73.975]",2
274,4014,center,2017-12-27 08:05:47,d0:b3:3f:ce:be:a9,[12],[-84.35],1
275,4014,center,2017-12-27 08:05:48,d0:b3:3f:ce:be:a9,[8],[-84.9090909090909],1
276,4014,center,2017-12-27 08:05:50,d0:b3:3f:ce:be:a9,[13],[-75.94285714285714],1
277,4014,center,2017-12-27 08:05:52,d0:b3:3f:ce:be:a9,"[8, 10]","[-85.46666666666667, -78.65384615384616]",2
278,4014,center,2017-12-27 08:05:53,d0:b3:3f:ce:be:a9,[12],[-85.20833333333333],1
279,4014,center,2017-12-27 08:05:55,d0:b3:3f:ce:be:a9,[13],[-76.775],1
280,4014,center,2017-12-27 08:05:56,d0:b3:3f:ce:be:a9,"[8, 12]","[-85.35714285714286, -85.15]",2
281,4014,center,2017-12-27 08:05:59,d0:b3:3f:ce:be:a9,"[10, 13]","[-78.34482758620689, -78.88888888888889]",2
282,4014,center,2017-12-27 08:06:01,d0:b3:3f:ce:be:a9,"[8, 12]","[-83.94444444444444, -84.77777777777777]",2
283,4014,center,2017-12-27 08:06:04,d0:b3:3f:ce:be:a9,"[10, 13]","[-75.23333333333333, -83.0]",2
284,4014,center,2017-12-27 08:06:05,d0:b3:3f:ce:be:a9,"[8, 12]","[-84.52380952380952, -82.95]",2
285,4014,center,2017-12-27 08:06:08,d0:b3:3f:ce:be:a9,"[10, 13]","[-75.63636363636364, -81.9090909090909]",2
286,4014,center,2017-12-27 08:06:09,d0:b3:3f:ce:be:a9,[12],[-82.42105263157895],1
287,4014,center,2017-12-27 08:06:10,d0:b3:3f:ce:be:a9,[8],[-84.42105263157895],1
288,4014,center,2017-12-27 08:06:12,d0:b3:3f:ce:be:a9,[10],[-75.78787878787878],1
289,4014,center,2017-12-27 08:06:14,d0:b3:3f:ce:be:a9,[13],[-81.36363636363636],1
290,4014,center,2017-12-27 08:06:15,d0:b3:3f:ce:be:a9,[12],[-82.17647058823529],1
291,4014,center,2017-12-27 08:06:16,d0:b3:3f:ce:be:a9,[8],[-84.04545454545455],1
292,4014,center,2017-12-27 08:06:17,d0:b3:3f:ce:be:a9,[10],[-75.91176470588235],1
293,4014,center,2017-12-27 08:06:18,d0:b3:3f:ce:be:a9,"[12, 13]","[-81.75, -80.88235294117646]",2
294,4014,center,2017-12-27 08:06:20,d0:b3:3f:ce:be:a9,[8],[-83.0],1
295,4014,center,2017-12-27 08:06:21,d0:b3:3f:ce:be:a9,[10],[-76.38461538461539],1
296,4014,center,2017-12-27 08:06:24,d0:b3:3f:ce:be:a9,"[12, 13]","[-82.6, -78.21621621621621]",2
297,4014,center,2017-12-27 08:06:26,d0:b3:3f:ce:be:a9,"[8, 10]","[-81.68, -75.6842105263158]",2
298,4014,center,2017-12-27 08:06:28,d0:b3:3f:ce:be:a9,"[12, 13]","[-82.95238095238095, -78.03703703703704]",2
299,4014,center,2017-12-27 08:06:29,d0:b3:3f:ce:be:a9,"[8, 10]","[-82.17391304347827, -75.79310344827586]",2
300,4014,center,2017-12-27 08:06:32,d0:b3:3f:ce:be:a9,"[12, 13]","[-84.375, -77.14814814814815]",2
301,4014,center,2017-12-27 08:06:33,d0:b3:3f:ce:be:a9,[8],[-82.25],1
302,4014,center,2017-12-27 08:06:34,d0:b3:3f:ce:be:a9,[10],[-76.6969696969697],1
303,4014,center,2017-12-27 08:06:36,d0:b3:3f:ce:be:a9,"[8, 13]","[-82.6842105263158, -77.88888888888889]",2
304,4014,center,2017-12-27 08:06:37,d0:b3:3f:ce:be:a9,[12],[-83.0],1
305,4014,center,2017-12-27 08:06:38,d0:b3:3f:ce:be:a9,[10],[-76.0],1
306,4014,center,2017-12-27 08:06:41,d0:b3:3f:ce:be:a9,"[8, 12]","[-83.26923076923077, -83.46153846153847]",2
307,4014,center,2017-12-27 08:06:42,d0:b3:3f:ce:be:a9,[13],[-77.47058823529412],1
308,4014,center,2017-12-27 08:06:44,d0:b3:3f:ce:be:a9,[10],[-76.7741935483871],1
309,4014,center,2017-12-27 08:06:45,d0:b3:3f:ce:be:a9,[8],[-82.85714285714286],1
310,4014,center,2017-12-27 08:06:46,d0:b3:3f:ce:be:a9,"[12, 13]","[-83.6086956521739, -78.03703703703704]",2
311,4014,center,2017-12-27 08:06:49,d0:b3:3f:ce:be:a9,[10],[-76.91666666666667],1
312,4014,center,2017-12-27 08:06:50,d0:b3:3f:ce:be:a9,"[8, 13]","[-82.9047619047619, -78.32142857142857]",2
313,4014,center,2017-12-27 08:06:51,d0:b3:3f:ce:be:a9,[12],[-83.5909090909091],1
314,4014,center,2017-12-27 08:06:57,d0:b3:3f:ce:be:a9,"[8, 10, 13]","[-82.96428571428571, -78.24137931034483, -77.225]",3
315,4014,center,2017-12-27 08:06:58,d0:b3:3f:ce:be:a9,[12],[-83.48148148148148],1
316,4014,center,2017-12-27 08:07:00,d0:b3:3f:ce:be:a9,[13],[-76.75862068965517],1
317,4014,center,2017-12-27 08:07:01,d0:b3:3f:ce:be:a9,"[8, 10, 12]","[-83.6, -78.3076923076923, -82.47368421052632]",3
318,4014,center,2017-12-27 08:07:05,d0:b3:3f:ce:be:a9,"[8, 13]","[-83.76470588235294, -81.12]",2
319,4014,center,2017-12-27 08:07:06,d0:b3:3f:ce:be:a9,"[10, 12]","[-76.24137931034483, -84.04347826086956]",2
320,4014,center,2017-12-27 08:07:10,d0:b3:3f:ce:be:a9,"[8, 13]","[-84.44444444444444, -80.03448275862068]",2
321,4014,center,2017-12-27 08:07:11,d0:b3:3f:ce:be:a9,"[10, 12]","[-76.375, -84.29166666666667]",2
322,4014,center,2017-12-27 08:07:15,d0:b3:3f:ce:be:a9,"[8, 10, 13]","[-84.0, -77.29411764705883, -77.85714285714286]",3
323,4014,center,2017-12-27 08:07:16,d0:b3:3f:ce:be:a9,[12],[-84.26923076923077],1
324,4014,center,2017-12-27 08:07:19,d0:b3:3f:ce:be:a9,[10],[-77.1],1
325,4014,center,2017-12-27 08:07:20,d0:b3:3f:ce:be:a9,"[8, 12, 13]","[-83.17647058823529, -82.11111111111111, -76.2]",3
326,4014,center,2017-12-27 08:07:23,d0:b3:3f:ce:be:a9,[10],[-77.44],1
327,4014,center,2017-12-27 08:07:24,d0:b3:3f:ce:be:a9,[13],[-76.91666666666667],1
328,4014,center,2017-12-27 08:07:25,d0:b3:3f:ce:be:a9,"[8, 12]","[-85.0, -82.75757575757575]",2
329,4014,center,2017-12-27 08:07:28,d0:b3:3f:ce:be:a9,"[10, 13]","[-75.97368421052632, -78.83333333333333]",2
330,4014,center,2017-12-27 08:07:29,d0:b3:3f:ce:be:a9,"[8, 12]","[-84.85714285714286, -84.26315789473684]",2
331,4014,center,2017-12-27 08:07:31,d0:b3:3f:ce:be:a9,[10],[-78.4],1
332,4014,center,2017-12-27 08:07:32,d0:b3:3f:ce:be:a9,[13],[-75.92],1
333,4014,center,2017-12-27 08:07:33,d0:b3:3f:ce:be:a9,[8],[-84.71428571428571],1
334,4014,center,2017-12-27 08:07:34,d0:b3:3f:ce:be:a9,[10],[-78.22222222222223],1
335,4014,center,2017-12-27 08:07:35,d0:b3:3f:ce:be:a9,[12],[-84.73333333333333],1
336,4014,center,2017-12-27 08:07:36,d0:b3:3f:ce:be:a9,[13],[-76.4],1
337,4014,center,2017-12-27 08:07:37,d0:b3:3f:ce:be:a9,[8],[-85.375],1
338,4014,center,2017-12-27 08:07:38,d0:b3:3f:ce:be:a9,"[10, 12]","[-77.81818181818181, -84.57142857142857]",2
339,4014,center,2017-12-27 08:07:40,d0:b3:3f:ce:be:a9,[13],[-76.0909090909091],1
340,4014,center,2017-12-27 08:07:41,d0:b3:3f:ce:be:a9,[8],[-85.36363636363636],1
341,4014,center,2017-12-27 08:07:42,d0:b3:3f:ce:be:a9,"[10, 12]","[-77.03571428571429, -82.04761904761905]",2
342,4014,center,2017-12-27 08:07:44,d0:b3:3f:ce:be:a9,[13],[-77.125],1
343,4014,center,2017-12-27 08:07:46,d0:b3:3f:ce:be:a9,"[8, 10]","[-84.85714285714286, -75.54545454545455]",2
344,4014,center,2017-12-27 08:07:47,d0:b3:3f:ce:be:a9,[12],[-82.78260869565217],1
345,4014,center,2017-12-27 08:07:49,d0:b3:3f:ce:be:a9,"[8, 10, 13]","[-85.77777777777777, -75.07142857142857, -78.65517241379311]",3
346,4014,center,2017-12-27 08:07:50,d0:b3:3f:ce:be:a9,[12],[-82.66666666666667],1
347,4014,center,2017-12-27 08:07:52,d0:b3:3f:ce:be:a9,"[10, 13]","[-75.88235294117646, -77.31818181818181]",2
348,4014,center,2017-12-27 08:07:53,d0:b3:3f:ce:be:a9,"[8, 12]","[-84.41666666666667, -83.5]",2
349,4014,center,2017-12-27 08:07:55,d0:b3:3f:ce:be:a9,[10],[-77.56521739130434],1
350,4014,center,2017-12-27 08:07:56,d0:b3:3f:ce:be:a9,[13],[-76.2],1
351,4014,center,2017-12-27 08:07:58,d0:b3:3f:ce:be:a9,"[8, 12]","[-85.33333333333333, -82.34615384615384]",2
352,4014,center,2017-12-27 08:07:59,d0:b3:3f:ce:be:a9,[10],[-77.72413793103448],1
353,4014,center,2017-12-27 08:08:00,d0:b3:3f:ce:be:a9,[13],[-75.89285714285714],1
354,4014,center,2017-12-27 08:08:02,d0:b3:3f:ce:be:a9,"[8, 10, 12]","[-85.75, -78.05555555555556, -82.73076923076923]",3
355,4014,center,2017-12-27 08:08:04,d0:b3:3f:ce:be:a9,[13],[-75.75],1
356,4014,center,2017-12-27 08:08:05,d0:b3:3f:ce:be:a9,"[8, 12]","[-84.38461538461539, -81.8]",2
357,4014,center,2017-12-27 08:08:06,d0:b3:3f:ce:be:a9,[10],[-77.0],1
358,4014,center,2017-12-27 08:08:09,d0:b3:3f:ce:be:a9,[13],[-76.51851851851852],1
359,4014,center,2017-12-27 08:08:11,d0:b3:3f:ce:be:a9,"[8, 10, 12]","[-83.37037037037037, -76.46666666666667, -82.76190476190476]",3
360,4014,center,2017-12-27 08:08:14,d0:b3:3f:ce:be:a9,[13],[-76.66666666666667],1
361,4014,center,2017-12-27 08:08:15,d0:b3:3f:ce:be:a9,"[8, 10, 12]","[-84.22727272727273, -76.93939393939394, -83.54545454545455]",3
362,4014,center,2017-12-27 08:08:18,d0:b3:3f:ce:be:a9,[13],[-74.76923076923077],1
363,4014,center,2017-12-27 08:08:19,d0:b3:3f:ce:be:a9,[10],[-76.91176470588235],1
364,4014,center,2017-12-27 08:08:20,d0:b3:3f:ce:be:a9,"[8, 12]","[-85.08333333333333, -82.9]",2
365,4014,center,2017-12-27 08:08:21,d0:b3:3f:ce:be:a9,[13],[-79.2],1
366,4014,center,2017-12-27 08:08:23,d0:b3:3f:ce:be:a9,[12],[-82.63157894736842],1
367,4014,center,2017-12-27 08:08:24,d0:b3:3f:ce:be:a9,"[8, 10]","[-85.3076923076923, -76.68571428571428]",2
368,4014,center,2017-12-27 08:08:25,d0:b3:3f:ce:be:a9,[13],[-76.46875],1
369,4014,center,2017-12-27 08:08:26,d0:b3:3f:ce:be:a9,[10],[-76.76190476190476],1
370,4014,center,2017-12-27 08:08:27,d0:b3:3f:ce:be:a9,"[8, 12]","[-85.41666666666667, -83.53333333333333]",2
371,4014,center,2017-12-27 08:08:29,d0:b3:3f:ce:be:a9,[13],[-74.57142857142857],1
372,4014,center,2017-12-27 08:08:30,d0:b3:3f:ce:be:a9,[10],[-75.92307692307692],1
373,4014,center,2017-12-27 08:08:31,d0:b3:3f:ce:be:a9,"[8, 12]","[-85.06666666666666, -86.53333333333333]",2
374,4014,center,2017-12-27 08:08:33,d0:b3:3f:ce:be:a9,[13],[-77.51428571428572],1
375,4014,center,2017-12-27 08:08:35,d0:b3:3f:ce:be:a9,[10],[-76.09375],1
376,4014,center,2017-12-27 08:08:36,d0:b3:3f:ce:be:a9,"[8, 12]","[-85.57894736842105, -86.5]",2
377,4014,center,2017-12-27 08:08:38,d0:b3:3f:ce:be:a9,[13],[-76.61764705882354],1
378,4014,center,2017-12-27 08:08:39,d0:b3:3f:ce:be:a9,"[10, 12]","[-77.41666666666667, -86.625]",2
379,4014,center,2017-12-27 08:08:40,d0:b3:3f:ce:be:a9,[8],[-85.72222222222223],1
380,4014,center,2017-12-27 08:08:42,d0:b3:3f:ce:be:a9,[13],[-75.97297297297297],1
381,4014,center,2017-12-27 08:08:43,d0:b3:3f:ce:be:a9,[10],[-82.0],1
382,4014,center,2017-12-27 08:08:44,d0:b3:3f:ce:be:a9,"[8, 12]","[-84.5, -86.0]",2
383,4014,center,2017-12-27 08:08:46,d0:b3:3f:ce:be:a9,[10],[-86.0],1
384,4014,center,2017-12-27 08:08:47,d0:b3:3f:ce:be:a9,[13],[-85.14285714285714],1
385,4014,center,2017-12-27 08:09:00,d0:b3:3f:ce:be:a9,[10],[-85.8],1
386,4014,center,2017-12-27 08:09:04,d0:b3:3f:ce:be:a9,"[8, 10, 12, 13]","[-83.83333333333333, -83.3076923076923, -87.0, -81.55555555555556]",4
387,4014,center,2017-12-27 08:09:06,d0:b3:3f:ce:be:a9,[10],[-77.5],1
388,4014,center,2017-12-27 08:09:07,d0:b3:3f:ce:be:a9,[13],[-72.73076923076923],1
389,4014,center,2017-12-27 08:09:08,d0:b3:3f:ce:be:a9,"[8, 12]","[-83.06666666666666, -81.75]",2
390,4014,center,2017-12-27 08:09:10,d0:b3:3f:ce:be:a9,[10],[-78.92307692307692],1
391,4014,center,2017-12-27 08:09:11,d0:b3:3f:ce:be:a9,[13],[-74.78787878787878],1
392,4014,center,2017-12-27 08:09:12,d0:b3:3f:ce:be:a9,"[8, 12]","[-84.83333333333333, -84.7]",2
393,4014,center,2017-12-27 08:09:13,d0:b3:3f:ce:be:a9,[10],[-76.66666666666667],1
394,4014,center,2017-12-27 08:09:16,d0:b3:3f:ce:be:a9,[13],[-73.04545454545455],1
395,4014,center,2017-12-27 08:09:17,d0:b3:3f:ce:be:a9,"[8, 12]","[-84.83333333333333, -84.4]",2
396,4014,center,2017-12-27 08:09:19,d0:b3:3f:ce:be:a9,[10],[-79.52631578947368],1
397,4014,center,2017-12-27 08:09:23,d0:b3:3f:ce:be:a9,[13],[-79.21428571428571],1
398,4014,center,2017-12-27 08:09:24,d0:b3:3f:ce:be:a9,"[8, 10]","[-82.5, -83.5]",2
399,4014,center,2017-12-27 08:09:38,d0:b3:3f:ce:be:a9,[10],[-85.92857142857143],1
400,4014,center,2017-12-27 08:09:39,d0:b3:3f:ce:be:a9,"[12, 13]","[-87.0, -84.15789473684211]",2
401,4014,center,2017-12-27 08:09:41,d0:b3:3f:ce:be:a9,[10],[-81.04545454545455],1
402,4014,center,2017-12-27 08:09:42,d0:b3:3f:ce:be:a9,[8],[-84.28571428571429],1
403,4014,center,2017-12-27 08:09:43,d0:b3:3f:ce:be:a9,"[12, 13]","[-83.66666666666667, -77.96296296296296]",2
404,4014,center,2017-12-27 08:09:46,d0:b3:3f:ce:be:a9,[10],[-81.44444444444444],1
405,4014,center,2017-12-27 08:09:47,d0:b3:3f:ce:be:a9,[8],[-85.4],1
406,4014,center,2017-12-27 08:09:48,d0:b3:3f:ce:be:a9,"[12, 13]","[-85.58333333333333, -76.58695652173913]",2
407,4014,center,2017-12-27 08:09:51,d0:b3:3f:ce:be:a9,"[8, 10]","[-86.83333333333333, -83.73333333333333]",2
408,4014,center,2017-12-27 08:09:53,d0:b3:3f:ce:be:a9,"[12, 13]","[-84.76190476190476, -77.86111111111111]",2
409,4014,center,2017-12-27 08:09:56,d0:b3:3f:ce:be:a9,"[8, 10]","[-82.03571428571429, -83.0952380952381]",2
410,4014,center,2017-12-27 08:09:57,d0:b3:3f:ce:be:a9,[13],[-75.27272727272727],1
411,4014,center,2017-12-27 08:09:58,d0:b3:3f:ce:be:a9,[12],[-86.4],1
412,4014,center,2017-12-27 08:10:00,d0:b3:3f:ce:be:a9,[10],[-81.75],1
413,4014,center,2017-12-27 08:10:01,d0:b3:3f:ce:be:a9,[8],[-84.88888888888889],1
414,4014,center,2017-12-27 08:10:04,d0:b3:3f:ce:be:a9,"[8, 10, 12, 13]","[-85.2, -79.93333333333334, -86.92307692307692, -75.28571428571429]",4
415,4014,center,2017-12-27 08:10:06,d0:b3:3f:ce:be:a9,[13],[-74.3913043478261],1
416,4014,center,2017-12-27 08:10:07,d0:b3:3f:ce:be:a9,"[10, 12]","[-80.88, -83.76470588235294]",2
417,4014,center,2017-12-27 08:10:08,d0:b3:3f:ce:be:a9,[8],[-83.6842105263158],1
418,4014,center,2017-12-27 08:10:10,d0:b3:3f:ce:be:a9,[13],[-79.06896551724138],1
419,4014,center,2017-12-27 08:10:11,d0:b3:3f:ce:be:a9,"[8, 10, 12]","[-85.14285714285714, -81.33333333333333, -85.1875]",3
420,4014,center,2017-12-27 08:10:14,d0:b3:3f:ce:be:a9,"[8, 10, 12, 13]","[-85.0, -81.2, -83.88888888888889, -79.8695652173913]",4
421,4014,center,2017-12-27 08:10:17,d0:b3:3f:ce:be:a9,[10],[-80.71428571428571],1
422,4014,center,2017-12-27 08:10:18,d0:b3:3f:ce:be:a9,[8],[-84.9090909090909],1
423,4014,center,2017-12-27 08:10:19,d0:b3:3f:ce:be:a9,[13],[-73.68],1
424,4014,center,2017-12-27 08:10:20,d0:b3:3f:ce:be:a9,[12],[-81.65517241379311],1
425,4014,center,2017-12-27 08:10:21,d0:b3:3f:ce:be:a9,[10],[-80.5],1
426,4014,center,2017-12-27 08:10:22,d0:b3:3f:ce:be:a9,[8],[-84.22222222222223],1
427,4014,center,2017-12-27 08:10:23,d0:b3:3f:ce:be:a9,[13],[-75.53333333333333],1
428,4014,center,2017-12-27 08:10:24,d0:b3:3f:ce:be:a9,"[10, 12]","[-76.06896551724138, -82.61904761904762]",2
429,4014,center,2017-12-27 08:10:25,d0:b3:3f:ce:be:a9,[8],[-84.61111111111111],1
430,4014,center,2017-12-27 08:10:28,d0:b3:3f:ce:be:a9,"[10, 13]","[-75.5945945945946, -80.71428571428571]",2
431,4014,center,2017-12-27 08:10:29,d0:b3:3f:ce:be:a9,[8],[-81.25],1
432,4014,center,2017-12-27 08:10:30,d0:b3:3f:ce:be:a9,[12],[-84.65217391304348],1
433,4014,center,2017-12-27 08:10:32,d0:b3:3f:ce:be:a9,"[8, 10, 13]","[-83.3076923076923, -77.53333333333333, -80.71428571428571]",3
434,4014,center,2017-12-27 08:10:34,d0:b3:3f:ce:be:a9,[12],[-86.33333333333333],1
435,4014,center,2017-12-27 08:10:36,d0:b3:3f:ce:be:a9,"[8, 10]","[-86.9, -78.5625]",2
436,4014,center,2017-12-27 08:10:38,d0:b3:3f:ce:be:a9,[13],[-78.22222222222223],1
437,4014,center,2017-12-27 08:10:40,d0:b3:3f:ce:be:a9,[8],[-85.2],1
438,4014,center,2017-12-27 08:10:41,d0:b3:3f:ce:be:a9,[10],[-79.76190476190476],1
439,4014,center,2017-12-27 08:10:42,d0:b3:3f:ce:be:a9,"[12, 13]","[-85.83333333333333, -75.28888888888889]",2
440,4014,center,2017-12-27 08:10:44,d0:b3:3f:ce:be:a9,[10],[-79.48275862068965],1
441,4014,center,2017-12-27 08:10:45,d0:b3:3f:ce:be:a9,"[8, 12]","[-84.91666666666667, -86.0]",2
442,4014,center,2017-12-27 08:10:47,d0:b3:3f:ce:be:a9,[13],[-78.38095238095238],1
443,4014,center,2017-12-27 08:10:49,d0:b3:3f:ce:be:a9,"[10, 12]","[-79.83333333333333, -85.15]",2
444,4014,center,2017-12-27 08:10:50,d0:b3:3f:ce:be:a9,[8],[-85.53846153846153],1
445,4014,center,2017-12-27 08:10:51,d0:b3:3f:ce:be:a9,"[10, 13]","[-81.58823529411765, -75.66666666666667]",2
446,4014,center,2017-12-27 08:10:53,d0:b3:3f:ce:be:a9,[8],[-86.5],1
447,4014,center,2017-12-27 08:10:55,d0:b3:3f:ce:be:a9,"[10, 13]","[-81.08, -76.35483870967742]",2
448,4014,center,2017-12-27 08:10:58,d0:b3:3f:ce:be:a9,"[8, 12]","[-85.47368421052632, -85.68181818181819]",2
449,4014,center,2017-12-27 08:10:59,d0:b3:3f:ce:be:a9,[13],[-76.29166666666667],1
450,4014,center,2017-12-27 08:11:00,d0:b3:3f:ce:be:a9,[10],[-79.4054054054054],1
451,4014,center,2017-12-27 08:11:04,d0:b3:3f:ce:be:a9,"[8, 10, 12, 13]","[-85.27777777777777, -81.36, -87.54545454545455, -75.87096774193549]",4
452,4014,center,2017-12-27 08:11:07,d0:b3:3f:ce:be:a9,[12],[-87.375],1
453,4014,center,2017-12-27 08:11:08,d0:b3:3f:ce:be:a9,"[8, 10]","[-85.68181818181819, -81.04347826086956]",2
454,4014,center,2017-12-27 08:11:09,d0:b3:3f:ce:be:a9,[13],[-76.65789473684211],1
455,4014,center,2017-12-27 08:11:12,d0:b3:3f:ce:be:a9,"[8, 10, 12]","[-85.9090909090909, -81.0, -86.66666666666667]",3
456,4014,center,2017-12-27 08:11:13,d0:b3:3f:ce:be:a9,[13],[-76.76666666666667],1
457,4014,center,2017-12-27 08:11:16,d0:b3:3f:ce:be:a9,"[8, 10]","[-86.28571428571429, -81.96153846153847]",2
458,4014,center,2017-12-27 08:11:17,d0:b3:3f:ce:be:a9,[13],[-78.23684210526316],1
459,4014,center,2017-12-27 08:11:20,d0:b3:3f:ce:be:a9,[10],[-80.36363636363636],1
460,4014,center,2017-12-27 08:11:21,d0:b3:3f:ce:be:a9,"[8, 12]","[-86.05882352941177, -86.72222222222223]",2
461,4014,center,2017-12-27 08:11:22,d0:b3:3f:ce:be:a9,[13],[-76.41935483870968],1
462,4014,center,2017-12-27 08:11:26,d0:b3:3f:ce:be:a9,[10],[-82.4],1
463,4014,center,2017-12-27 08:11:27,d0:b3:3f:ce:be:a9,"[8, 12, 13]","[-85.34782608695652, -87.45454545454545, -76.72916666666667]",3
464,4014,center,2017-12-27 08:11:32,d0:b3:3f:ce:be:a9,"[8, 10, 12, 13]","[-86.23529411764706, -82.44117647058823, -85.58823529411765, -80.28571428571429]",4
465,4014,center,2017-12-27 08:11:36,d0:b3:3f:ce:be:a9,[10],[-80.6086956521739],1
466,4014,center,2017-12-27 08:11:37,d0:b3:3f:ce:be:a9,"[8, 13]","[-84.4090909090909, -80.70588235294117]",2
467,4014,center,2017-12-27 08:11:38,d0:b3:3f:ce:be:a9,[12],[-86.85714285714286],1
468,4014,center,2017-12-27 08:11:39,d0:b3:3f:ce:be:a9,[10],[-80.14285714285714],1
469,4014,center,2017-12-27 08:11:42,d0:b3:3f:ce:be:a9,[13],[-76.91228070175438],1
470,4014,center,2017-12-27 08:11:43,d0:b3:3f:ce:be:a9,"[8, 12]","[-84.66666666666667, -86.36363636363636]",2
471,4014,center,2017-12-27 08:11:46,d0:b3:3f:ce:be:a9,[10],[-82.4074074074074],1
472,4014,center,2017-12-27 08:11:50,d0:b3:3f:ce:be:a9,[13],[-81.42105263157895],1
473,4014,center,2017-12-27 08:11:51,d0:b3:3f:ce:be:a9,"[8, 10]","[-86.0, -87.0]",2
474,4014,center,2017-12-27 08:57:40,d0:b3:3f:ce:be:a9,[10],[-87.0],1
475,4014,center,2017-12-27 08:57:53,d0:b3:3f:ce:be:a9,[13],[-83.28571428571429],1
476,4014,center,2017-12-27 08:57:55,d0:b3:3f:ce:be:a9,[10],[-82.3],1
477,4014,center,2017-12-27 08:57:57,d0:b3:3f:ce:be:a9,[8],[-84.13333333333334],1
478,4014,center,2017-12-27 08:57:58,d0:b3:3f:ce:be:a9,[12],[-86.14285714285714],1
479,4014,center,2017-12-27 08:57:59,d0:b3:3f:ce:be:a9,[13],[-79.51724137931035],1
480,4014,center,2017-12-27 08:58:01,d0:b3:3f:ce:be:a9,[10],[-80.5],1
481,4014,center,2017-12-27 08:58:05,d0:b3:3f:ce:be:a9,[12],[-87.25],1
482,4014,center,2017-12-27 08:58:06,d0:b3:3f:ce:be:a9,"[8, 13]","[-84.88235294117646, -84.73913043478261]",2
483,4014,center,2017-12-27 08:58:07,d0:b3:3f:ce:be:a9,[10],[-80.57692307692308],1
484,4014,center,2017-12-27 08:58:11,d0:b3:3f:ce:be:a9,"[10, 13]","[-79.14285714285714, -85.42857142857143]",2
485,4014,center,2017-12-27 08:58:15,d0:b3:3f:ce:be:a9,[13],[-85.16666666666667],1
486,4014,center,2017-12-27 08:58:16,d0:b3:3f:ce:be:a9,[10],[-85.76923076923077],1
487,4014,center,2017-12-27 08:58:23,d0:b3:3f:ce:be:a9,[10],[-86.5],1
488,4014,center,2017-12-27 08:58:24,d0:b3:3f:ce:be:a9,[13],[-87.16666666666667],1
489,4014,center,2017-12-27 10:31:54,d0:b3:3f:ce:be:a9,[10],[-85.27272727272727],1
490,4014,center,2017-12-27 10:32:01,d0:b3:3f:ce:be:a9,[10],[-84.5],1
491,4014,center,2017-12-27 10:32:08,d0:b3:3f:ce:be:a9,[10],[-88.0],1
492,4014,center,2017-12-27 10:32:15,d0:b3:3f:ce:be:a9,[10],[-84.4],1
493,4014,center,2017-12-27 10:32:21,d0:b3:3f:ce:be:a9,[10],[-83.89473684210526],1
494,4014,center,2017-12-27 10:32:28,d0:b3:3f:ce:be:a9,[10],[-81.9090909090909],1
495,4014,center,2017-12-27 10:32:34,d0:b3:3f:ce:be:a9,[10],[-79.92],1
496,4014,center,2017-12-27 10:32:36,d0:b3:3f:ce:be:a9,[9],[-87.5],1
497,4014,center,2017-12-27 10:32:37,d0:b3:3f:ce:be:a9,"[10, 11]","[-77.36, -86.0]",2
498,4014,center,2017-12-27 10:32:42,d0:b3:3f:ce:be:a9,[10],[-76.5],1
499,4014,center,2017-12-27 10:32:44,d0:b3:3f:ce:be:a9,[11],[-85.75],1
500,4014,center,2017-12-27 10:32:45,d0:b3:3f:ce:be:a9,[10],[-73.5],1
501,4014,center,2017-12-27 10:32:49,d0:b3:3f:ce:be:a9,"[10, 11]","[-76.35, -85.5]",2
502,4014,center,2017-12-27 10:32:52,d0:b3:3f:ce:be:a9,[10],[-76.43478260869566],1
503,4014,center,2017-12-27 10:32:54,d0:b3:3f:ce:be:a9,[11],[-84.77272727272727],1
504,4014,center,2017-12-27 10:32:55,d0:b3:3f:ce:be:a9,[10],[-75.06666666666666],1
505,4014,center,2017-12-27 10:32:56,d0:b3:3f:ce:be:a9,[9],[-81.5],1
506,4014,center,2017-12-27 10:32:58,d0:b3:3f:ce:be:a9,[10],[-74.96774193548387],1
507,4014,center,2017-12-27 10:32:59,d0:b3:3f:ce:be:a9,"[10, 11]","[-74.52380952380952, -84.85714285714286]",2
508,4014,center,2017-12-27 10:33:04,d0:b3:3f:ce:be:a9,"[10, 11, 12]","[-72.07407407407408, -78.8, -87.0]",3
509,4014,center,2017-12-27 10:33:06,d0:b3:3f:ce:be:a9,[10],[-72.9375],1
510,4014,center,2017-12-27 10:33:07,d0:b3:3f:ce:be:a9,[12],[-86.0],1
511,4014,center,2017-12-27 10:33:08,d0:b3:3f:ce:be:a9,[11],[-78.80645161290323],1
512,4014,center,2017-12-27 10:33:09,d0:b3:3f:ce:be:a9,"[8, 10]","[-85.875, -74.73076923076923]",2
513,4014,center,2017-12-27 10:33:11,d0:b3:3f:ce:be:a9,"[9, 10, 12]","[-87.0, -69.04347826086956, -86.45454545454545]",3
514,4014,center,2017-12-27 10:33:13,d0:b3:3f:ce:be:a9,[11],[-83.0],1
515,4014,center,2017-12-27 10:33:14,d0:b3:3f:ce:be:a9,[10],[-67.29032258064517],1
516,4014,center,2017-12-27 10:33:15,d0:b3:3f:ce:be:a9,[8],[-87.4],1
517,4014,center,2017-12-27 10:33:18,d0:b3:3f:ce:be:a9,"[10, 11, 12]","[-71.25, -82.29166666666667, -86.66666666666667]",3
518,4014,center,2017-12-27 10:33:19,d0:b3:3f:ce:be:a9,[8],[-85.85714285714286],1
519,4014,center,2017-12-27 10:33:20,d0:b3:3f:ce:be:a9,[10],[-75.38888888888889],1
520,4014,center,2017-12-27 10:33:21,d0:b3:3f:ce:be:a9,[11],[-81.38095238095238],1
521,4014,center,2017-12-27 10:33:22,d0:b3:3f:ce:be:a9,[12],[-86.6],1
522,4014,center,2017-12-27 10:33:23,d0:b3:3f:ce:be:a9,[10],[-77.25],1
523,4014,center,2017-12-27 10:33:24,d0:b3:3f:ce:be:a9,[8],[-84.04761904761905],1
524,4014,center,2017-12-27 10:33:26,d0:b3:3f:ce:be:a9,"[11, 12]","[-81.57575757575758, -86.55555555555556]",2
525,4014,center,2017-12-27 10:33:27,d0:b3:3f:ce:be:a9,[10],[-79.3],1
526,4014,center,2017-12-27 10:33:29,d0:b3:3f:ce:be:a9,[8],[-83.96296296296296],1
527,4014,center,2017-12-27 10:33:30,d0:b3:3f:ce:be:a9,"[10, 11]","[-80.17391304347827, -81.6]",2
528,4014,center,2017-12-27 10:33:31,d0:b3:3f:ce:be:a9,[12],[-86.75],1
529,4014,center,2017-12-27 10:33:34,d0:b3:3f:ce:be:a9,"[8, 11]","[-82.5, -81.0]",2
530,4014,center,2017-12-27 10:33:35,d0:b3:3f:ce:be:a9,"[10, 12]","[-82.25, -88.0]",2
531,4014,center,2017-12-27 10:33:38,d0:b3:3f:ce:be:a9,[10],[-79.63636363636364],1
532,4014,center,2017-12-27 10:33:39,d0:b3:3f:ce:be:a9,"[8, 11]","[-80.875, -79.72413793103448]",2
533,4014,center,2017-12-27 10:33:41,d0:b3:3f:ce:be:a9,[12],[-86.6],1
534,4014,center,2017-12-27 10:33:42,d0:b3:3f:ce:be:a9,[9],[-87.0],1
535,4014,center,2017-12-27 10:33:43,d0:b3:3f:ce:be:a9,[10],[-82.2],1
536,4014,center,2017-12-27 10:33:44,d0:b3:3f:ce:be:a9,"[8, 11]","[-83.56, -81.46428571428571]",2
537,4014,center,2017-12-27 10:33:47,d0:b3:3f:ce:be:a9,[10],[-83.25],1
538,4014,center,2017-12-27 10:33:49,d0:b3:3f:ce:be:a9,[11],[-81.42307692307692],1
539,4014,center,2017-12-27 10:33:50,d0:b3:3f:ce:be:a9,[8],[-83.66666666666667],1
540,4014,center,2017-12-27 10:33:51,d0:b3:3f:ce:be:a9,[10],[-83.52380952380952],1
541,4014,center,2017-12-27 10:33:53,d0:b3:3f:ce:be:a9,[12],[-89.0],1
542,4014,center,2017-12-27 10:33:55,d0:b3:3f:ce:be:a9,"[8, 10]","[-86.125, -84.11111111111111]",2
543,4014,center,2017-12-27 10:33:56,d0:b3:3f:ce:be:a9,[11],[-83.33333333333333],1
544,4014,center,2017-12-27 10:34:00,d0:b3:3f:ce:be:a9,[10],[-84.83333333333333],1
545,4014,center,2017-12-27 10:34:01,d0:b3:3f:ce:be:a9,"[8, 11]","[-83.16, -84.25]",2
546,4014,center,2017-12-27 10:34:04,d0:b3:3f:ce:be:a9,"[10, 12]","[-85.2, -87.0]",2
547,4014,center,2017-12-27 10:34:06,d0:b3:3f:ce:be:a9,[11],[-79.96296296296296],1
548,4014,center,2017-12-27 10:34:07,d0:b3:3f:ce:be:a9,[8],[-74.02941176470588],1
549,4014,center,2017-12-27 10:34:09,d0:b3:3f:ce:be:a9,"[9, 12, 13]","[-80.875, -86.44444444444444, -88.0]",3
550,4014,center,2017-12-27 10:34:10,d0:b3:3f:ce:be:a9,[10],[-87.5],1
551,4014,center,2017-12-27 10:34:12,d0:b3:3f:ce:be:a9,"[8, 11]","[-76.28571428571429, -82.84615384615384]",2
552,4014,center,2017-12-27 10:34:14,d0:b3:3f:ce:be:a9,[12],[-86.14285714285714],1
553,4014,center,2017-12-27 10:34:15,d0:b3:3f:ce:be:a9,[10],[-85.66666666666667],1
554,4014,center,2017-12-27 10:34:16,d0:b3:3f:ce:be:a9,[9],[-80.94736842105263],1
555,4014,center,2017-12-27 10:34:17,d0:b3:3f:ce:be:a9,"[8, 11]","[-74.88095238095238, -85.0]",2
556,4014,center,2017-12-27 10:34:19,d0:b3:3f:ce:be:a9,"[10, 12]","[-88.0, -84.05]",2
557,4014,center,2017-12-27 10:34:20,d0:b3:3f:ce:be:a9,[13],[-86.4],1
558,4014,center,2017-12-27 10:34:21,d0:b3:3f:ce:be:a9,[9],[-82.78260869565217],1
559,4014,center,2017-12-27 10:34:22,d0:b3:3f:ce:be:a9,[8],[-70.73529411764706],1
560,4014,center,2017-12-27 10:34:23,d0:b3:3f:ce:be:a9,[11],[-84.5],1
561,4014,center,2017-12-27 10:34:25,d0:b3:3f:ce:be:a9,[12],[-85.21739130434783],1
562,4014,center,2017-12-27 10:34:27,d0:b3:3f:ce:be:a9,"[8, 9, 13]","[-73.27906976744185, -83.24242424242425, -86.53846153846153]",3
563,4014,center,2017-12-27 10:34:30,d0:b3:3f:ce:be:a9,[12],[-83.78947368421052],1
564,4014,center,2017-12-27 10:34:33,d0:b3:3f:ce:be:a9,[9],[-85.71428571428571],1
565,4014,center,2017-12-27 10:34:35,d0:b3:3f:ce:be:a9,[12],[-85.0],1
566,4014,center,2017-12-27 10:34:36,d0:b3:3f:ce:be:a9,[14],[-86.0],1
567,4014,center,2017-12-27 10:34:37,d0:b3:3f:ce:be:a9,[8],[-72.36363636363636],1
568,4014,center,2017-12-27 10:34:38,d0:b3:3f:ce:be:a9,"[9, 13]","[-86.0, -84.46666666666667]",2
569,4014,center,2017-12-27 10:34:39,d0:b3:3f:ce:be:a9,[12],[-85.07142857142857],1
570,4014,center,2017-12-27 10:34:42,d0:b3:3f:ce:be:a9,"[8, 14]","[-76.76666666666667, -85.11111111111111]",2
571,4014,center,2017-12-27 10:34:43,d0:b3:3f:ce:be:a9,[13],[-85.0],1
572,4014,center,2017-12-27 10:34:44,d0:b3:3f:ce:be:a9,[9],[-85.9],1
573,4014,center,2017-12-27 10:34:45,d0:b3:3f:ce:be:a9,[12],[-86.0],1
574,4014,center,2017-12-27 10:34:48,d0:b3:3f:ce:be:a9,[8],[-74.78947368421052],1
575,4014,center,2017-12-27 10:34:49,d0:b3:3f:ce:be:a9,[13],[-84.61538461538461],1
576,4014,center,2017-12-27 10:34:52,d0:b3:3f:ce:be:a9,[12],[-85.35714285714286],1
577,4014,center,2017-12-27 10:34:53,d0:b3:3f:ce:be:a9,[14],[-83.56521739130434],1
578,4014,center,2017-12-27 10:34:54,d0:b3:3f:ce:be:a9,"[8, 9]","[-81.03448275862068, -86.0]",2
579,4014,center,2017-12-27 10:34:55,d0:b3:3f:ce:be:a9,[13],[-85.3076923076923],1
580,4014,center,2017-12-27 10:34:58,d0:b3:3f:ce:be:a9,[12],[-87.25],1
581,4014,center,2017-12-27 10:35:00,d0:b3:3f:ce:be:a9,"[8, 13]","[-81.82352941176471, -83.3]",2
582,4014,center,2017-12-27 10:35:03,d0:b3:3f:ce:be:a9,[12],[-86.625],1
583,4014,center,2017-12-27 10:35:04,d0:b3:3f:ce:be:a9,"[9, 14]","[-87.0, -88.0]",2
584,4014,center,2017-12-27 10:35:06,d0:b3:3f:ce:be:a9,"[8, 13]","[-85.27777777777777, -80.56666666666666]",2
585,4014,center,2017-12-27 10:35:08,d0:b3:3f:ce:be:a9,[12],[-85.625],1
586,4014,center,2017-12-27 10:35:10,d0:b3:3f:ce:be:a9,[13],[-73.61290322580645],1
587,4014,center,2017-12-27 10:35:12,d0:b3:3f:ce:be:a9,[8],[-84.6923076923077],1
588,4014,center,2017-12-27 10:35:13,d0:b3:3f:ce:be:a9,[12],[-83.88],1
589,4014,center,2017-12-27 10:35:16,d0:b3:3f:ce:be:a9,[13],[-76.73076923076923],1
590,4014,center,2017-12-27 10:35:19,d0:b3:3f:ce:be:a9,"[8, 12]","[-82.09375, -81.12903225806451]",2
591,4014,center,2017-12-27 10:35:21,d0:b3:3f:ce:be:a9,[13],[-73.94444444444444],1
592,4014,center,2017-12-27 10:35:24,d0:b3:3f:ce:be:a9,"[10, 12]","[-84.42857142857143, -79.09756097560975]",2
593,4014,center,2017-12-27 10:35:25,d0:b3:3f:ce:be:a9,[8],[-79.55263157894737],1
594,4014,center,2017-12-27 10:35:26,d0:b3:3f:ce:be:a9,[13],[-70.71111111111111],1
595,4014,center,2017-12-27 10:35:29,d0:b3:3f:ce:be:a9,[12],[-80.32],1
596,4014,center,2017-12-27 10:35:30,d0:b3:3f:ce:be:a9,"[8, 10]","[-81.36363636363636, -83.0]",2
597,4014,center,2017-12-27 10:35:31,d0:b3:3f:ce:be:a9,[13],[-71.58695652173913],1
598,4014,center,2017-12-27 10:35:33,d0:b3:3f:ce:be:a9,"[10, 12]","[-83.0, -84.75]",2
599,4014,center,2017-12-27 10:35:34,d0:b3:3f:ce:be:a9,[8],[-81.62962962962963],1
600,4014,center,2017-12-27 10:35:35,d0:b3:3f:ce:be:a9,[13],[-75.14814814814815],1
601,4014,center,2017-12-27 10:35:37,d0:b3:3f:ce:be:a9,[10],[-82.73333333333333],1
602,4014,center,2017-12-27 10:35:38,d0:b3:3f:ce:be:a9,"[8, 12]","[-84.10526315789474, -86.54545454545455]",2
603,4014,center,2017-12-27 10:35:40,d0:b3:3f:ce:be:a9,[13],[-78.11428571428571],1
604,4014,center,2017-12-27 10:35:42,d0:b3:3f:ce:be:a9,[10],[-82.54545454545455],1
605,4014,center,2017-12-27 10:35:43,d0:b3:3f:ce:be:a9,[12],[-86.08695652173913],1
606,4014,center,2017-12-27 10:35:44,d0:b3:3f:ce:be:a9,[8],[-83.3913043478261],1
607,4014,center,2017-12-27 10:35:45,d0:b3:3f:ce:be:a9,[13],[-74.54761904761905],1
608,4014,center,2017-12-27 10:35:46,d0:b3:3f:ce:be:a9,[10],[-81.91666666666667],1
609,4014,center,2017-12-27 10:35:49,d0:b3:3f:ce:be:a9,"[8, 12, 13]","[-84.26315789473684, -85.63157894736842, -73.79069767441861]",3
610,4014,center,2017-12-27 10:35:50,d0:b3:3f:ce:be:a9,[10],[-81.3913043478261],1
611,4014,center,2017-12-27 10:35:52,d0:b3:3f:ce:be:a9,[12],[-85.29411764705883],1
612,4014,center,2017-12-27 10:35:53,d0:b3:3f:ce:be:a9,[13],[-74.33333333333333],1
613,4014,center,2017-12-27 10:35:54,d0:b3:3f:ce:be:a9,"[8, 10]","[-84.05263157894737, -81.15]",2
614,4014,center,2017-12-27 10:35:58,d0:b3:3f:ce:be:a9,"[12, 13]","[-86.33333333333333, -75.90243902439025]",2
615,4014,center,2017-12-27 10:35:59,d0:b3:3f:ce:be:a9,[10],[-80.94444444444444],1
616,4014,center,2017-12-27 10:36:00,d0:b3:3f:ce:be:a9,[8],[-84.54166666666667],1
617,4014,center,2017-12-27 10:36:04,d0:b3:3f:ce:be:a9,"[10, 12, 13]","[-80.5, -85.5, -74.86363636363636]",3
618,4014,center,2017-12-27 10:36:05,d0:b3:3f:ce:be:a9,[8],[-83.33333333333333],1
619,4014,center,2017-12-27 10:36:07,d0:b3:3f:ce:be:a9,"[10, 13]","[-80.75, -77.16129032258064]",2
620,4014,center,2017-12-27 10:36:09,d0:b3:3f:ce:be:a9,[12],[-85.42857142857143],1
621,4014,center,2017-12-27 10:36:13,d0:b3:3f:ce:be:a9,[8],[-84.13333333333334],1
622,4014,center,2017-12-27 10:36:14,d0:b3:3f:ce:be:a9,"[10, 12, 13]","[-85.4, -84.75, -81.5]",3
623,4014,center,2017-12-27 11:06:14,d0:b3:3f:ce:be:a9,[10],[-86.25],1
624,4014,center,2017-12-27 11:06:21,d0:b3:3f:ce:be:a9,[10],[-85.5],1
625,4014,center,2017-12-27 12:40:52,d0:b3:3f:ce:be:a9,[10],[-86.0],1
626,4014,center,2017-12-27 12:40:54,d0:b3:3f:ce:be:a9,[13],[-85.76923076923077],1
627,4014,center,2017-12-27 12:40:56,d0:b3:3f:ce:be:a9,[10],[-82.75],1
628,4014,center,2017-12-27 12:40:59,d0:b3:3f:ce:be:a9,"[8, 14]","[-82.27272727272727, -87.5]",2
629,4014,center,2017-12-27 12:41:00,d0:b3:3f:ce:be:a9,[13],[-80.15151515151516],1
630,4014,center,2017-12-27 12:41:01,d0:b3:3f:ce:be:a9,"[10, 12]","[-83.3076923076923, -84.8125]",2
631,4014,center,2017-12-27 12:41:05,d0:b3:3f:ce:be:a9,"[8, 10, 13]","[-84.36363636363636, -82.66666666666667, -78.3030303030303]",3
632,4014,center,2017-12-27 12:41:08,d0:b3:3f:ce:be:a9,[12],[-86.75],1
633,4014,center,2017-12-27 12:41:09,d0:b3:3f:ce:be:a9,"[8, 10]","[-83.75, -81.9375]",2
634,4014,center,2017-12-27 12:41:10,d0:b3:3f:ce:be:a9,[13],[-82.8],1
635,4014,center,2017-12-27 12:41:13,d0:b3:3f:ce:be:a9,[10],[-85.88888888888889],1
636,4014,center,2017-12-27 12:41:15,d0:b3:3f:ce:be:a9,[8],[-86.0],1
637,4014,center,2017-12-27 12:41:16,d0:b3:3f:ce:be:a9,[13],[-85.5],1
638,4014,center,2017-12-27 12:41:18,d0:b3:3f:ce:be:a9,[10],[-81.20833333333333],1
639,4014,center,2017-12-27 12:41:23,d0:b3:3f:ce:be:a9,"[10, 13]","[-85.0, -85.88888888888889]",2
640,4014,center,2017-12-27 12:41:25,d0:b3:3f:ce:be:a9,[8],[-86.0],1
641,4014,center,2017-12-27 12:41:32,d0:b3:3f:ce:be:a9,[10],[-87.0],1
642,4014,center,2017-12-27 12:41:39,d0:b3:3f:ce:be:a9,[13],[-87.0],1
643,4014,center,2017-12-27 12:54:22,d0:b3:3f:ce:be:a9,[10],[-85.0],1
644,4014,center,2017-12-27 12:54:27,d0:b3:3f:ce:be:a9,[10],[-87.0],1
645,4014,center,2017-12-27 12:54:33,d0:b3:3f:ce:be:a9,[10],[-84.75],1
646,4014,center,2017-12-27 12:54:35,d0:b3:3f:ce:be:a9,[10],[-86.0],1
647,4014,center,2017-12-27 12:54:40,d0:b3:3f:ce:be:a9,[10],[-86.0],1
648,4014,center,2017-12-27 12:54:44,d0:b3:3f:ce:be:a9,[10],[-86.0],1
649,4014,center,2017-12-27 12:54:48,d0:b3:3f:ce:be:a9,[10],[-85.8],1
650,4014,center,2017-12-27 12:54:53,d0:b3:3f:ce:be:a9,[10],[-83.375],1
651,4014,center,2017-12-27 12:54:57,d0:b3:3f:ce:be:a9,[10],[-81.08695652173913],1
652,4014,center,2017-12-27 12:55:02,d0:b3:3f:ce:be:a9,[10],[-80.28125],1
653,4014,center,2017-12-27 12:55:05,d0:b3:3f:ce:be:a9,[10],[-77.42105263157895],1
654,4014,center,2017-12-27 12:55:09,d0:b3:3f:ce:be:a9,[10],[-76.18181818181819],1
655,4014,center,2017-12-27 12:55:12,d0:b3:3f:ce:be:a9,[10],[-74.96296296296296],1
656,4014,center,2017-12-27 12:55:16,d0:b3:3f:ce:be:a9,[10],[-75.55555555555556],1
657,4014,center,2017-12-27 12:55:18,d0:b3:3f:ce:be:a9,[10],[-77.36],1
658,4014,center,2017-12-27 12:55:19,d0:b3:3f:ce:be:a9,[11],[-87.0],1
659,4014,center,2017-12-27 12:55:21,d0:b3:3f:ce:be:a9,[10],[-74.34615384615384],1
660,4014,center,2017-12-27 12:55:23,d0:b3:3f:ce:be:a9,[11],[-85.0],1
661,4014,center,2017-12-27 12:55:24,d0:b3:3f:ce:be:a9,[10],[-75.37037037037037],1
662,4014,center,2017-12-27 12:55:27,d0:b3:3f:ce:be:a9,[10],[-74.86363636363636],1
663,4014,center,2017-12-27 12:55:28,d0:b3:3f:ce:be:a9,[11],[-86.25],1
664,4014,center,2017-12-27 12:55:30,d0:b3:3f:ce:be:a9,[10],[-72.75862068965517],1
665,4014,center,2017-12-27 12:55:31,d0:b3:3f:ce:be:a9,[11],[-83.5],1
666,4014,center,2017-12-27 12:55:32,d0:b3:3f:ce:be:a9,[10],[-74.3913043478261],1
667,4014,center,2017-12-27 12:55:34,d0:b3:3f:ce:be:a9,[9],[-86.0],1
668,4014,center,2017-12-27 12:55:35,d0:b3:3f:ce:be:a9,"[8, 10, 11]","[-87.0, -75.4, -83.77272727272727]",3
669,4014,center,2017-12-27 12:55:36,d0:b3:3f:ce:be:a9,[12],[-86.75],1
670,4014,center,2017-12-27 12:55:38,d0:b3:3f:ce:be:a9,[10],[-72.69444444444444],1
671,4014,center,2017-12-27 12:55:40,d0:b3:3f:ce:be:a9,"[8, 9, 10, 11, 12]","[-85.23076923076923, -87.0, -74.33333333333333, -83.72222222222223, -86.55555555555556]",5
672,4014,center,2017-12-27 12:55:43,d0:b3:3f:ce:be:a9,"[8, 10, 11]","[-87.0, -76.34615384615384, -84.66666666666667]",3
673,4014,center,2017-12-27 12:55:46,d0:b3:3f:ce:be:a9,[8],[-86.0],1
674,4014,center,2017-12-27 12:55:47,d0:b3:3f:ce:be:a9,"[10, 11]","[-79.69565217391305, -84.53846153846153]",2
675,4014,center,2017-12-27 12:55:49,d0:b3:3f:ce:be:a9,"[8, 12]","[-85.875, -86.5]",2
676,4014,center,2017-12-27 12:55:51,d0:b3:3f:ce:be:a9,[10],[-80.92857142857143],1
677,4014,center,2017-12-27 12:55:52,d0:b3:3f:ce:be:a9,"[11, 12]","[-85.0, -87.0]",2
678,4014,center,2017-12-27 12:55:54,d0:b3:3f:ce:be:a9,[8],[-85.72727272727273],1
679,4014,center,2017-12-27 12:55:55,d0:b3:3f:ce:be:a9,[10],[-81.9047619047619],1
680,4014,center,2017-12-27 12:55:56,d0:b3:3f:ce:be:a9,[11],[-85.4],1
681,4014,center,2017-12-27 12:55:58,d0:b3:3f:ce:be:a9,"[8, 10]","[-84.66666666666667, -83.6]",2
682,4014,center,2017-12-27 12:56:00,d0:b3:3f:ce:be:a9,[11],[-86.66666666666667],1
683,4014,center,2017-12-27 12:56:01,d0:b3:3f:ce:be:a9,"[8, 10]","[-85.0, -84.7]",2
684,4014,center,2017-12-27 12:56:06,d0:b3:3f:ce:be:a9,"[8, 11]","[-85.61538461538461, -84.57142857142857]",2
685,4014,center,2017-12-27 12:56:07,d0:b3:3f:ce:be:a9,[10],[-85.66666666666667],1
686,4014,center,2017-12-27 12:56:12,d0:b3:3f:ce:be:a9,"[8, 11]","[-86.0, -84.77272727272727]",2
687,4014,center,2017-12-27 12:56:15,d0:b3:3f:ce:be:a9,[10],[-86.36363636363636],1
688,4014,center,2017-12-27 12:56:16,d0:b3:3f:ce:be:a9,"[8, 11]","[-86.0, -84.64285714285714]",2
689,4014,center,2017-12-27 12:56:19,d0:b3:3f:ce:be:a9,"[8, 10]","[-86.75, -85.25]",2
690,4014,center,2017-12-27 12:56:20,d0:b3:3f:ce:be:a9,[11],[-85.11111111111111],1
691,4014,center,2017-12-27 12:56:22,d0:b3:3f:ce:be:a9,"[8, 10]","[-86.875, -85.9]",2
692,4014,center,2017-12-27 12:56:24,d0:b3:3f:ce:be:a9,[11],[-84.55555555555556],1
693,4014,center,2017-12-27 12:56:27,d0:b3:3f:ce:be:a9,[8],[-86.33333333333333],1
694,4014,center,2017-12-27 12:56:28,d0:b3:3f:ce:be:a9,[10],[-83.58333333333333],1
695,4014,center,2017-12-27 12:56:30,d0:b3:3f:ce:be:a9,[11],[-84.85714285714286],1
696,4014,center,2017-12-27 12:56:31,d0:b3:3f:ce:be:a9,"[8, 10]","[-84.7, -82.84615384615384]",2
697,4014,center,2017-12-27 12:56:35,d0:b3:3f:ce:be:a9,[11],[-85.4375],1
698,4014,center,2017-12-27 12:56:36,d0:b3:3f:ce:be:a9,[10],[-82.15],1
699,4014,center,2017-12-27 12:56:38,d0:b3:3f:ce:be:a9,[8],[-85.05555555555556],1
700,4014,center,2017-12-27 12:56:40,d0:b3:3f:ce:be:a9,"[10, 11]","[-81.0, -85.66666666666667]",2
701,4014,center,2017-12-27 12:56:41,d0:b3:3f:ce:be:a9,[8],[-85.875],1
702,4014,center,2017-12-27 12:56:44,d0:b3:3f:ce:be:a9,[10],[-81.92307692307692],1
703,4014,center,2017-12-27 12:56:45,d0:b3:3f:ce:be:a9,[11],[-86.125],1
704,4014,center,2017-12-27 12:56:46,d0:b3:3f:ce:be:a9,[8],[-86.0],1
705,4014,center,2017-12-27 12:56:47,d0:b3:3f:ce:be:a9,[10],[-83.5],1
706,4014,center,2017-12-27 12:56:49,d0:b3:3f:ce:be:a9,[11],[-84.41666666666667],1
707,4014,center,2017-12-27 12:56:50,d0:b3:3f:ce:be:a9,[8],[-85.88888888888889],1
708,4014,center,2017-12-27 12:56:52,d0:b3:3f:ce:be:a9,[10],[-84.9090909090909],1
709,4014,center,2017-12-27 12:56:53,d0:b3:3f:ce:be:a9,[11],[-83.3125],1
710,4014,center,2017-12-27 12:56:55,d0:b3:3f:ce:be:a9,"[8, 10]","[-85.8, -82.77777777777777]",2
711,4014,center,2017-12-27 12:56:59,d0:b3:3f:ce:be:a9,"[8, 10, 11]","[-86.55555555555556, -83.57894736842105, -84.33333333333333]",3
712,4014,center,2017-12-27 12:57:04,d0:b3:3f:ce:be:a9,"[8, 10, 11]","[-85.25, -82.5, -85.2]",3
713,4014,center,2017-12-27 12:57:05,d0:b3:3f:ce:be:a9,"[10, 11]","[-83.625, -83.88888888888889]",2
714,4014,center,2017-12-27 12:57:06,d0:b3:3f:ce:be:a9,[8],[-84.4],1
715,4014,center,2017-12-27 12:57:08,d0:b3:3f:ce:be:a9,[10],[-83.375],1
716,4014,center,2017-12-27 12:57:09,d0:b3:3f:ce:be:a9,[11],[-84.75],1
717,4014,center,2017-12-27 12:57:10,d0:b3:3f:ce:be:a9,"[8, 10]","[-86.75, -84.16666666666667]",2
718,4014,center,2017-12-27 12:57:12,d0:b3:3f:ce:be:a9,[11],[-83.66666666666667],1
719,4014,center,2017-12-27 12:57:14,d0:b3:3f:ce:be:a9,[8],[-85.85714285714286],1
720,4014,center,2017-12-27 12:57:15,d0:b3:3f:ce:be:a9,[10],[-84.08333333333333],1
721,4014,center,2017-12-27 12:57:16,d0:b3:3f:ce:be:a9,[11],[-83.9],1
722,4014,center,2017-12-27 12:57:17,d0:b3:3f:ce:be:a9,[8],[-84.28571428571429],1
723,4014,center,2017-12-27 12:57:18,d0:b3:3f:ce:be:a9,[10],[-83.83333333333333],1
724,4014,center,2017-12-27 12:57:20,d0:b3:3f:ce:be:a9,[11],[-80.88235294117646],1
725,4014,center,2017-12-27 12:57:21,d0:b3:3f:ce:be:a9,[8],[-85.28571428571429],1
726,4014,center,2017-12-27 12:57:22,d0:b3:3f:ce:be:a9,[10],[-83.70588235294117],1
727,4014,center,2017-12-27 12:57:24,d0:b3:3f:ce:be:a9,[11],[-79.95238095238095],1
728,4014,center,2017-12-27 12:57:25,d0:b3:3f:ce:be:a9,[8],[-83.76923076923077],1
729,4014,center,2017-12-27 12:57:28,d0:b3:3f:ce:be:a9,[11],[-84.78571428571429],1
730,4014,center,2017-12-27 12:57:29,d0:b3:3f:ce:be:a9,"[8, 10]","[-86.6, -84.8]",2
731,4014,center,2017-12-27 12:57:32,d0:b3:3f:ce:be:a9,[11],[-85.66666666666667],1
732,4014,center,2017-12-27 12:57:34,d0:b3:3f:ce:be:a9,"[8, 10]","[-87.125, -86.5]",2
733,4014,center,2017-12-27 12:57:35,d0:b3:3f:ce:be:a9,[11],[-85.2],1
734,4014,center,2017-12-27 12:57:37,d0:b3:3f:ce:be:a9,"[8, 10]","[-86.14285714285714, -85.2]",2
735,4014,center,2017-12-27 12:57:39,d0:b3:3f:ce:be:a9,[11],[-85.64285714285714],1
736,4014,center,2017-12-27 12:57:41,d0:b3:3f:ce:be:a9,[10],[-85.875],1
737,4014,center,2017-12-27 12:57:42,d0:b3:3f:ce:be:a9,[8],[-87.16666666666667],1
738,4014,center,2017-12-27 12:57:43,d0:b3:3f:ce:be:a9,[11],[-84.08333333333333],1
739,4014,center,2017-12-27 12:57:45,d0:b3:3f:ce:be:a9,[10],[-84.85714285714286],1
740,4014,center,2017-12-27 12:57:46,d0:b3:3f:ce:be:a9,[8],[-86.2],1
741,4014,center,2017-12-27 12:57:47,d0:b3:3f:ce:be:a9,[11],[-85.7],1
742,4014,center,2017-12-27 12:57:50,d0:b3:3f:ce:be:a9,"[8, 10]","[-85.58333333333333, -87.25]",2
743,4014,center,2017-12-27 12:57:51,d0:b3:3f:ce:be:a9,[11],[-86.28571428571429],1
744,4014,center,2017-12-27 12:57:54,d0:b3:3f:ce:be:a9,"[8, 10]","[-82.8125, -85.5]",2
745,4014,center,2017-12-27 12:57:56,d0:b3:3f:ce:be:a9,[11],[-85.75],1
746,4014,center,2017-12-27 12:57:58,d0:b3:3f:ce:be:a9,[8],[-84.9],1
747,4014,center,2017-12-27 12:58:00,d0:b3:3f:ce:be:a9,[11],[-85.75],1
748,4014,center,2017-12-27 12:58:01,d0:b3:3f:ce:be:a9,[8],[-77.6842105263158],1
749,4014,center,2017-12-27 12:58:04,d0:b3:3f:ce:be:a9,[11],[-86.33333333333333],1
750,4014,center,2017-12-27 12:58:05,d0:b3:3f:ce:be:a9,[8],[-80.5],1
751,4014,center,2017-12-27 12:58:09,d0:b3:3f:ce:be:a9,[8],[-81.76470588235294],1
752,4014,center,2017-12-27 12:58:10,d0:b3:3f:ce:be:a9,[9],[-86.5],1
753,4014,center,2017-12-27 12:58:11,d0:b3:3f:ce:be:a9,[10],[-84.0],1
754,4014,center,2017-12-27 12:58:12,d0:b3:3f:ce:be:a9,"[8, 11]","[-81.64285714285714, -85.66666666666667]",2
755,4014,center,2017-12-27 12:58:15,d0:b3:3f:ce:be:a9,[11],[-85.5],1
756,4014,center,2017-12-27 12:58:18,d0:b3:3f:ce:be:a9,[8],[-84.70588235294117],1
757,4014,center,2017-12-27 12:58:21,d0:b3:3f:ce:be:a9,[11],[-86.0],1
758,4014,center,2017-12-27 12:58:22,d0:b3:3f:ce:be:a9,[10],[-87.0],1
759,4014,center,2017-12-27 12:58:23,d0:b3:3f:ce:be:a9,"[8, 12]","[-81.46153846153847, -85.5]",2
760,4014,center,2017-12-27 12:58:25,d0:b3:3f:ce:be:a9,"[9, 11]","[-86.33333333333333, -84.9090909090909]",2
761,4014,center,2017-12-27 12:58:27,d0:b3:3f:ce:be:a9,"[8, 12]","[-73.95454545454545, -85.5]",2
762,4014,center,2017-12-27 12:58:31,d0:b3:3f:ce:be:a9,"[9, 10, 11]","[-85.28571428571429, -85.66666666666667, -83.45833333333333]",3
763,4014,center,2017-12-27 12:58:32,d0:b3:3f:ce:be:a9,[8],[-77.40625],1
764,4014,center,2017-12-27 12:58:33,d0:b3:3f:ce:be:a9,[12],[-88.0],1
765,4014,center,2017-12-27 12:58:36,d0:b3:3f:ce:be:a9,"[8, 11]","[-83.05263157894737, -85.33333333333333]",2
766,4014,center,2017-12-27 12:58:37,d0:b3:3f:ce:be:a9,"[9, 10]","[-84.22727272727273, -86.25]",2
767,4014,center,2017-12-27 12:58:38,d0:b3:3f:ce:be:a9,[12],[-88.0],1
768,4014,center,2017-12-27 12:58:41,d0:b3:3f:ce:be:a9,[13],[-88.0],1
769,4014,center,2017-12-27 12:58:42,d0:b3:3f:ce:be:a9,"[8, 10, 11]","[-82.6, -86.66666666666667, -85.33333333333333]",3
770,4014,center,2017-12-27 12:58:43,d0:b3:3f:ce:be:a9,[9],[-85.22222222222223],1
771,4014,center,2017-12-27 12:58:47,d0:b3:3f:ce:be:a9,[8],[-79.12],1
772,4014,center,2017-12-27 12:58:49,d0:b3:3f:ce:be:a9,"[10, 11, 12]","[-88.0, -85.0, -86.11111111111111]",3
773,4014,center,2017-12-27 12:58:50,d0:b3:3f:ce:be:a9,[9],[-84.12903225806451],1
774,4014,center,2017-12-27 12:58:51,d0:b3:3f:ce:be:a9,[8],[-74.9375],1
775,4014,center,2017-12-27 12:58:55,d0:b3:3f:ce:be:a9,[12],[-86.6],1
776,4014,center,2017-12-27 12:58:56,d0:b3:3f:ce:be:a9,[9],[-85.66666666666667],1
777,4014,center,2017-12-27 12:58:57,d0:b3:3f:ce:be:a9,[8],[-81.03030303030303],1
778,4014,center,2017-12-27 12:59:00,d0:b3:3f:ce:be:a9,[13],[-87.28571428571429],1
779,4014,center,2017-12-27 12:59:04,d0:b3:3f:ce:be:a9,[8],[-85.1],1
780,4014,center,2017-12-27 12:59:07,d0:b3:3f:ce:be:a9,"[8, 13]","[-83.8, -87.25]",2
781,4014,center,2017-12-27 12:59:10,d0:b3:3f:ce:be:a9,[8],[-79.63157894736842],1
782,4014,center,2017-12-27 12:59:14,d0:b3:3f:ce:be:a9,[9],[-86.375],1
783,4014,center,2017-12-27 12:59:15,d0:b3:3f:ce:be:a9,[8],[-82.0],1
784,4014,center,2017-12-27 12:59:19,d0:b3:3f:ce:be:a9,[8],[-71.875],1
785,4014,center,2017-12-27 12:59:20,d0:b3:3f:ce:be:a9,[9],[-84.84615384615384],1
786,4014,center,2017-12-27 12:59:21,d0:b3:3f:ce:be:a9,[12],[-85.625],1
787,4014,center,2017-12-27 12:59:22,d0:b3:3f:ce:be:a9,[8],[-72.0],1
788,4014,center,2017-12-27 12:59:24,d0:b3:3f:ce:be:a9,[9],[-85.1875],1
789,4014,center,2017-12-27 12:59:25,d0:b3:3f:ce:be:a9,[12],[-85.57142857142857],1
790,4014,center,2017-12-27 12:59:26,d0:b3:3f:ce:be:a9,[8],[-76.23076923076923],1
791,4014,center,2017-12-27 12:59:27,d0:b3:3f:ce:be:a9,[13],[-86.66666666666667],1
792,4014,center,2017-12-27 12:59:30,d0:b3:3f:ce:be:a9,"[8, 9, 12]","[-76.37931034482759, -84.46666666666667, -86.57142857142857]",3
793,4014,center,2017-12-27 12:59:33,d0:b3:3f:ce:be:a9,[13],[-85.81818181818181],1
794,4014,center,2017-12-27 12:59:34,d0:b3:3f:ce:be:a9,[8],[-71.8695652173913],1
795,4014,center,2017-12-27 12:59:35,d0:b3:3f:ce:be:a9,[12],[-84.89473684210526],1
796,4014,center,2017-12-27 12:59:36,d0:b3:3f:ce:be:a9,[9],[-86.5],1
797,4014,center,2017-12-27 12:59:37,d0:b3:3f:ce:be:a9,"[8, 12, 13]","[-75.9090909090909, -86.2, -85.66666666666667]",3
798,4014,center,2017-12-27 12:59:38,d0:b3:3f:ce:be:a9,[9],[-88.0],1
799,4014,center,2017-12-27 12:59:40,d0:b3:3f:ce:be:a9,"[8, 13]","[-80.52941176470588, -85.25]",2
800,4014,center,2017-12-27 12:59:41,d0:b3:3f:ce:be:a9,[12],[-85.25],1
801,4014,center,2017-12-27 12:59:44,d0:b3:3f:ce:be:a9,"[8, 9]","[-72.53125, -86.5]",2
802,4014,center,2017-12-27 12:59:46,d0:b3:3f:ce:be:a9,"[12, 13, 14]","[-85.55555555555556, -85.625, -85.85714285714286]",3
803,4014,center,2017-12-27 12:59:49,d0:b3:3f:ce:be:a9,"[8, 14]","[-75.62068965517241, -86.75]",2
804,4014,center,2017-12-27 12:59:52,d0:b3:3f:ce:be:a9,"[9, 12, 13]","[-86.52941176470588, -85.6470588235294, -84.05]",3
805,4014,center,2017-12-27 12:59:54,d0:b3:3f:ce:be:a9,[8],[-77.75],1
806,4014,center,2017-12-27 12:59:55,d0:b3:3f:ce:be:a9,[14],[-80.4],1
807,4014,center,2017-12-27 12:59:56,d0:b3:3f:ce:be:a9,[13],[-86.0],1
808,4014,center,2017-12-27 12:59:57,d0:b3:3f:ce:be:a9,[12],[-87.0],1
809,4014,center,2017-12-27 12:59:59,d0:b3:3f:ce:be:a9,"[8, 9]","[-79.78260869565217, -86.0]",2
810,4014,center,2017-12-27 13:00:06,d0:b3:3f:ce:be:a9,[8],[-84.08333333333333],1
811,4014,center,2017-12-27 13:00:07,d0:b3:3f:ce:be:a9,[13],[-85.15384615384616],1
812,4014,center,2017-12-27 13:00:13,d0:b3:3f:ce:be:a9,[8],[-85.4375],1
813,4014,center,2017-12-27 13:00:17,d0:b3:3f:ce:be:a9,[13],[-86.0],1
814,4014,center,2017-12-27 13:00:21,d0:b3:3f:ce:be:a9,[8],[-87.75],1
815,4014,center,2017-12-27 13:01:04,d0:b3:3f:ce:be:a9,[8],[-87.0],1
816,4014,center,2017-12-27 13:01:06,d0:b3:3f:ce:be:a9,[8],[-84.41666666666667],1
817,4014,center,2017-12-27 13:01:11,d0:b3:3f:ce:be:a9,[8],[-83.9375],1
818,4014,center,2017-12-27 13:01:14,d0:b3:3f:ce:be:a9,[13],[-86.5],1
819,4014,center,2017-12-27 13:01:16,d0:b3:3f:ce:be:a9,[8],[-83.57142857142857],1
820,4014,center,2017-12-27 13:01:20,d0:b3:3f:ce:be:a9,"[12, 13]","[-87.0, -85.75]",2
821,4014,center,2017-12-27 13:01:22,d0:b3:3f:ce:be:a9,"[8, 9, 14]","[-81.25, -87.0, -85.83333333333333]",3
822,4014,center,2017-12-27 13:01:24,d0:b3:3f:ce:be:a9,[12],[-86.0],1
823,4014,center,2017-12-27 13:01:25,d0:b3:3f:ce:be:a9,[14],[-85.22222222222223],1
824,4014,center,2017-12-27 13:01:26,d0:b3:3f:ce:be:a9,"[8, 13]","[-77.47826086956522, -86.5]",2
825,4014,center,2017-12-27 13:01:27,d0:b3:3f:ce:be:a9,[9],[-86.375],1
826,4014,center,2017-12-27 13:01:30,d0:b3:3f:ce:be:a9,"[8, 12, 13]","[-77.52173913043478, -85.125, -85.42857142857143]",3
827,4014,center,2017-12-27 13:01:31,d0:b3:3f:ce:be:a9,"[9, 14]","[-86.0, -81.91666666666667]",2
828,4014,center,2017-12-27 13:01:33,d0:b3:3f:ce:be:a9,[12],[-85.33333333333333],1
829,4014,center,2017-12-27 13:01:34,d0:b3:3f:ce:be:a9,[8],[-73.33333333333333],1
830,4014,center,2017-12-27 13:01:35,d0:b3:3f:ce:be:a9,[13],[-84.33333333333333],1
831,4014,center,2017-12-27 13:01:36,d0:b3:3f:ce:be:a9,[9],[-85.66666666666667],1
832,4014,center,2017-12-27 13:01:37,d0:b3:3f:ce:be:a9,"[8, 12]","[-75.9090909090909, -85.75]",2
833,4014,center,2017-12-27 13:01:39,d0:b3:3f:ce:be:a9,[13],[-85.0],1
834,4014,center,2017-12-27 13:01:41,d0:b3:3f:ce:be:a9,[8],[-81.92307692307692],1
835,4014,center,2017-12-27 13:01:42,d0:b3:3f:ce:be:a9,[9],[-86.5],1
836,4014,center,2017-12-27 13:01:45,d0:b3:3f:ce:be:a9,[8],[-80.04],1
837,4014,center,2017-12-27 13:01:47,d0:b3:3f:ce:be:a9,[12],[-87.16666666666667],1
838,4014,center,2017-12-27 13:01:49,d0:b3:3f:ce:be:a9,"[8, 9]","[-72.43243243243244, -85.125]",2
839,4014,center,2017-12-27 13:01:51,d0:b3:3f:ce:be:a9,[12],[-85.5],1
840,4014,center,2017-12-27 13:01:53,d0:b3:3f:ce:be:a9,"[8, 9]","[-69.17241379310344, -86.3]",2
841,4014,center,2017-12-27 13:01:54,d0:b3:3f:ce:be:a9,[12],[-85.3529411764706],1
842,4014,center,2017-12-27 13:01:56,d0:b3:3f:ce:be:a9,[8],[-74.35714285714286],1
843,4014,center,2017-12-27 13:01:59,d0:b3:3f:ce:be:a9,[13],[-84.0],1
844,4014,center,2017-12-27 13:02:00,d0:b3:3f:ce:be:a9,[12],[-87.16666666666667],1
845,4014,center,2017-12-27 13:02:01,d0:b3:3f:ce:be:a9,"[8, 9]","[-78.29629629629629, -86.0]",2
846,4014,center,2017-12-27 13:02:04,d0:b3:3f:ce:be:a9,[13],[-86.5],1
847,4014,center,2017-12-27 13:02:05,d0:b3:3f:ce:be:a9,[12],[-87.0],1
848,4014,center,2017-12-27 13:02:06,d0:b3:3f:ce:be:a9,[8],[-79.76190476190476],1
849,4014,center,2017-12-27 13:02:09,d0:b3:3f:ce:be:a9,[13],[-87.0909090909091],1
850,4014,center,2017-12-27 13:02:11,d0:b3:3f:ce:be:a9,[8],[-81.90322580645162],1
851,4014,center,2017-12-27 13:02:13,d0:b3:3f:ce:be:a9,[9],[-86.6],1
852,4014,center,2017-12-27 13:02:15,d0:b3:3f:ce:be:a9,"[8, 12, 13]","[-79.5, -88.0, -86.0]",3
853,4014,center,2017-12-27 13:02:18,d0:b3:3f:ce:be:a9,"[8, 9]","[-81.88888888888889, -88.0]",2
854,4014,center,2017-12-27 13:02:20,d0:b3:3f:ce:be:a9,[12],[-87.5],1
855,4014,center,2017-12-27 13:02:22,d0:b3:3f:ce:be:a9,[8],[-82.94117647058823],1
856,4014,center,2017-12-27 13:02:23,d0:b3:3f:ce:be:a9,[9],[-86.85714285714286],1
857,4014,center,2017-12-27 13:02:24,d0:b3:3f:ce:be:a9,[12],[-86.5],1
858,4014,center,2017-12-27 13:02:26,d0:b3:3f:ce:be:a9,[8],[-83.71428571428571],1
859,4014,center,2017-12-27 13:02:29,d0:b3:3f:ce:be:a9,"[8, 9, 12]","[-81.70588235294117, -86.0, -87.0]",3
860,4014,center,2017-12-27 13:02:33,d0:b3:3f:ce:be:a9,[8],[-82.38095238095238],1
861,4014,center,2017-12-27 13:02:34,d0:b3:3f:ce:be:a9,[9],[-85.44444444444444],1
862,4014,center,2017-12-27 13:02:35,d0:b3:3f:ce:be:a9,"[8, 11]","[-77.23076923076923, -89.0]",2
863,4014,center,2017-12-27 13:02:38,d0:b3:3f:ce:be:a9,[9],[-85.92307692307692],1
864,4014,center,2017-12-27 13:02:39,d0:b3:3f:ce:be:a9,"[8, 11]","[-71.96551724137932, -87.0]",2
865,4014,center,2017-12-27 13:02:41,d0:b3:3f:ce:be:a9,[12],[-87.5],1
866,4014,center,2017-12-27 13:02:43,d0:b3:3f:ce:be:a9,"[8, 9]","[-72.13333333333334, -84.72727272727273]",2
867,4014,center,2017-12-27 13:02:46,d0:b3:3f:ce:be:a9,[8],[-75.78260869565217],1
868,4014,center,2017-12-27 13:02:47,d0:b3:3f:ce:be:a9,[9],[-86.44444444444444],1
869,4014,center,2017-12-27 13:02:48,d0:b3:3f:ce:be:a9,[11],[-85.0],1
870,4014,center,2017-12-27 13:02:49,d0:b3:3f:ce:be:a9,[8],[-76.76923076923077],1
871,4014,center,2017-12-27 13:02:51,d0:b3:3f:ce:be:a9,[9],[-85.875],1
872,4014,center,2017-12-27 13:02:54,d0:b3:3f:ce:be:a9,[8],[-78.07692307692308],1
873,4014,center,2017-12-27 13:02:55,d0:b3:3f:ce:be:a9,[10],[-87.0],1
874,4014,center,2017-12-27 13:02:57,d0:b3:3f:ce:be:a9,[9],[-83.5],1
875,4014,center,2017-12-27 13:02:58,d0:b3:3f:ce:be:a9,"[8, 12]","[-76.52941176470588, -85.75]",2
876,4014,center,2017-12-27 13:02:59,d0:b3:3f:ce:be:a9,[10],[-86.66666666666667],1
877,4014,center,2017-12-27 13:03:04,d0:b3:3f:ce:be:a9,"[8, 9, 12, 13]","[-77.9, -82.94117647058823, -85.66666666666667, -83.75]",4
878,4014,center,2017-12-27 13:03:06,d0:b3:3f:ce:be:a9,[8],[-78.25],1
879,4014,center,2017-12-27 13:03:07,d0:b3:3f:ce:be:a9,[12],[-87.0],1
880,4014,center,2017-12-27 13:03:11,d0:b3:3f:ce:be:a9,[8],[-82.75],1
881,4014,center,2017-12-27 13:03:12,d0:b3:3f:ce:be:a9,[12],[-86.5],1
882,4014,center,2017-12-27 13:03:13,d0:b3:3f:ce:be:a9,[9],[-87.0],1
883,4014,center,2017-12-27 13:03:14,d0:b3:3f:ce:be:a9,"[8, 13]","[-82.0, -87.0]",2
884,4014,center,2017-12-27 13:03:17,d0:b3:3f:ce:be:a9,[9],[-87.5],1
885,4014,center,2017-12-27 13:03:18,d0:b3:3f:ce:be:a9,"[8, 12, 13]","[-80.3157894736842, -87.5, -85.5]",3
886,4014,center,2017-12-27 13:03:20,d0:b3:3f:ce:be:a9,"[8, 12]","[-79.21428571428571, -87.0]",2
887,4014,center,2017-12-27 13:03:21,d0:b3:3f:ce:be:a9,"[9, 13, 14]","[-85.375, -86.0, -82.83333333333333]",3
888,4014,center,2017-12-27 13:03:23,d0:b3:3f:ce:be:a9,[12],[-85.0],1
889,4014,center,2017-12-27 13:03:24,d0:b3:3f:ce:be:a9,[14],[-84.28571428571429],1
890,4014,center,2017-12-27 13:03:25,d0:b3:3f:ce:be:a9,[8],[-81.52941176470588],1
891,4014,center,2017-12-27 13:03:26,d0:b3:3f:ce:be:a9,"[9, 13]","[-86.25, -86.25]",2
892,4014,center,2017-12-27 13:03:27,d0:b3:3f:ce:be:a9,[14],[-87.5],1
893,4014,center,2017-12-27 13:03:28,d0:b3:3f:ce:be:a9,[8],[-82.71428571428571],1
894,4014,center,2017-12-27 13:03:29,d0:b3:3f:ce:be:a9,[12],[-86.75],1
895,4014,center,2017-12-27 13:03:31,d0:b3:3f:ce:be:a9,[13],[-86.71428571428571],1
896,4014,center,2017-12-27 13:03:33,d0:b3:3f:ce:be:a9,[8],[-83.5],1
897,4014,center,2017-12-27 13:03:37,d0:b3:3f:ce:be:a9,"[8, 13]","[-88.0, -84.52941176470588]",2
898,4014,center,2017-12-27 13:03:41,d0:b3:3f:ce:be:a9,[8],[-87.0],1
899,4014,center,2017-12-27 13:06:17,d0:b3:3f:ce:be:a9,[8],[-83.5],1
900,4014,center,2017-12-27 13:06:21,d0:b3:3f:ce:be:a9,[8],[-86.0],1
901,4014,center,2017-12-27 13:06:22,d0:b3:3f:ce:be:a9,[9],[-87.0],1
902,4014,center,2017-12-27 13:06:25,d0:b3:3f:ce:be:a9,[8],[-84.46153846153847],1
903,4014,center,2017-12-27 13:06:28,d0:b3:3f:ce:be:a9,"[8, 13]","[-83.36363636363636, -82.83333333333333]",2
904,4014,center,2017-12-27 13:06:31,d0:b3:3f:ce:be:a9,[13],[-84.38461538461539],1
905,4014,center,2017-12-27 13:06:32,d0:b3:3f:ce:be:a9,[8],[-79.89473684210526],1
906,4014,center,2017-12-27 13:06:34,d0:b3:3f:ce:be:a9,"[8, 9, 13, 14]","[-78.61111111111111, -87.33333333333333, -85.71428571428571, -88.0]",4
907,4014,center,2017-12-27 13:06:38,d0:b3:3f:ce:be:a9,[8],[-76.52],1
908,4014,center,2017-12-27 13:06:39,d0:b3:3f:ce:be:a9,[9],[-86.71428571428571],1
909,4014,center,2017-12-27 13:06:40,d0:b3:3f:ce:be:a9,[14],[-86.14285714285714],1
910,4014,center,2017-12-27 13:06:41,d0:b3:3f:ce:be:a9,[8],[-76.66666666666667],1
911,4014,center,2017-12-27 13:06:43,d0:b3:3f:ce:be:a9,[13],[-87.5],1
912,4014,center,2017-12-27 13:06:44,d0:b3:3f:ce:be:a9,"[8, 9]","[-77.12, -82.85714285714286]",2
913,4014,center,2017-12-27 13:06:45,d0:b3:3f:ce:be:a9,[14],[-78.0],1
914,4014,center,2017-12-27 13:06:46,d0:b3:3f:ce:be:a9,[13],[-84.2],1
915,4014,center,2017-12-27 13:06:47,d0:b3:3f:ce:be:a9,"[8, 9]","[-70.125, -84.27272727272727]",2
916,4014,center,2017-12-27 13:06:49,d0:b3:3f:ce:be:a9,"[8, 13, 14]","[-74.85714285714286, -84.33333333333333, -88.0]",3
917,4014,center,2017-12-27 13:06:50,d0:b3:3f:ce:be:a9,[9],[-85.6923076923077],1
918,4014,center,2017-12-27 13:06:52,d0:b3:3f:ce:be:a9,"[8, 9, 13]","[-75.05555555555556, -85.0, -86.0]",3
919,4014,center,2017-12-27 13:06:54,d0:b3:3f:ce:be:a9,"[8, 13]","[-80.53333333333333, -84.5]",2
920,4014,center,2017-12-27 13:06:55,d0:b3:3f:ce:be:a9,[9],[-84.44444444444444],1
921,4014,center,2017-12-27 13:06:56,d0:b3:3f:ce:be:a9,[11],[-86.0],1
922,4014,center,2017-12-27 13:06:57,d0:b3:3f:ce:be:a9,[8],[-75.52631578947368],1
923,4014,center,2017-12-27 13:07:00,d0:b3:3f:ce:be:a9,"[9, 11]","[-82.44444444444444, -84.42857142857143]",2
924,4014,center,2017-12-27 13:07:01,d0:b3:3f:ce:be:a9,[8],[-81.0],1
925,4014,center,2017-12-27 13:07:04,d0:b3:3f:ce:be:a9,"[10, 12]","[-85.4, -87.0]",2
926,4014,center,2017-12-27 13:07:05,d0:b3:3f:ce:be:a9,"[8, 9, 11]","[-79.63636363636364, -84.15, -84.15]",3
927,4014,center,2017-12-27 13:07:09,d0:b3:3f:ce:be:a9,"[8, 10]","[-82.14285714285714, -85.8]",2
928,4014,center,2017-12-27 13:07:10,d0:b3:3f:ce:be:a9,[11],[-83.57142857142857],1
929,4014,center,2017-12-27 13:07:11,d0:b3:3f:ce:be:a9,[9],[-85.25],1
930,4014,center,2017-12-27 13:07:12,d0:b3:3f:ce:be:a9,"[8, 12]","[-83.36363636363636, -84.0625]",2
931,4014,center,2017-12-27 13:07:13,d0:b3:3f:ce:be:a9,[10],[-85.66666666666667],1
932,4014,center,2017-12-27 13:07:14,d0:b3:3f:ce:be:a9,[11],[-86.5],1
933,4014,center,2017-12-27 13:07:16,d0:b3:3f:ce:be:a9,"[8, 9]","[-84.33333333333333, -88.0]",2
934,4014,center,2017-12-27 13:07:17,d0:b3:3f:ce:be:a9,[10],[-85.75],1
935,4014,center,2017-12-27 13:07:18,d0:b3:3f:ce:be:a9,[11],[-85.0],1
936,4014,center,2017-12-27 13:07:19,d0:b3:3f:ce:be:a9,"[8, 12]","[-81.63636363636364, -84.55555555555556]",2
937,4014,center,2017-12-27 13:07:20,d0:b3:3f:ce:be:a9,[10],[-84.5],1
938,4014,center,2017-12-27 13:07:22,d0:b3:3f:ce:be:a9,"[8, 11]","[-83.72727272727273, -87.0]",2
939,4014,center,2017-12-27 13:07:23,d0:b3:3f:ce:be:a9,[10],[-84.0],1
940,4014,center,2017-12-27 13:07:25,d0:b3:3f:ce:be:a9,[8],[-83.33333333333333],1
941,4014,center,2017-12-27 13:07:26,d0:b3:3f:ce:be:a9,"[10, 11]","[-85.5, -87.0]",2
942,4014,center,2017-12-27 13:07:28,d0:b3:3f:ce:be:a9,[12],[-85.5],1
943,4014,center,2017-12-27 13:07:29,d0:b3:3f:ce:be:a9,[8],[-83.92307692307692],1
944,4014,center,2017-12-27 13:07:30,d0:b3:3f:ce:be:a9,"[10, 11]","[-84.45454545454545, -86.0]",2
945,4014,center,2017-12-27 13:07:33,d0:b3:3f:ce:be:a9,"[8, 12]","[-84.0, -84.0]",2
946,4014,center,2017-12-27 13:07:34,d0:b3:3f:ce:be:a9,"[10, 11]","[-84.0, -84.6]",2
947,4014,center,2017-12-27 13:07:46,d0:b3:3f:ce:be:a9,[12],[-88.0],1
948,4014,center,2017-12-27 13:08:08,d0:b3:3f:ce:be:a9,[8],[-87.5],1
949,4014,center,2017-12-27 13:08:09,d0:b3:3f:ce:be:a9,[11],[-86.4],1
950,4014,center,2017-12-27 13:08:13,d0:b3:3f:ce:be:a9,[8],[-85.16666666666667],1
951,4014,center,2017-12-27 13:08:15,d0:b3:3f:ce:be:a9,[9],[-88.0],1
952,4014,center,2017-12-27 13:08:16,d0:b3:3f:ce:be:a9,[8],[-84.53846153846153],1
953,4014,center,2017-12-27 13:08:19,d0:b3:3f:ce:be:a9,[8],[-84.42857142857143],1
954,4014,center,2017-12-27 13:08:21,d0:b3:3f:ce:be:a9,"[9, 11]","[-87.0, -87.0]",2
955,4014,center,2017-12-27 13:08:22,d0:b3:3f:ce:be:a9,[8],[-84.53333333333333],1
956,4014,center,2017-12-27 13:08:26,d0:b3:3f:ce:be:a9,[8],[-79.89655172413794],1
957,4014,center,2017-12-27 13:08:27,d0:b3:3f:ce:be:a9,[9],[-85.33333333333333],1
958,4014,center,2017-12-27 13:08:28,d0:b3:3f:ce:be:a9,[8],[-83.9090909090909],1
959,4014,center,2017-12-27 13:08:29,d0:b3:3f:ce:be:a9,[13],[-87.0],1
960,4014,center,2017-12-27 13:08:31,d0:b3:3f:ce:be:a9,[8],[-85.66666666666667],1
961,4014,center,2017-12-27 13:08:34,d0:b3:3f:ce:be:a9,"[8, 13]","[-82.76923076923077, -87.0]",2
962,4014,center,2017-12-27 13:08:36,d0:b3:3f:ce:be:a9,[8],[-85.6],1
963,4014,center,2017-12-27 13:08:37,d0:b3:3f:ce:be:a9,"[12, 13]","[-87.0, -85.0]",2
964,4014,center,2017-12-27 13:08:39,d0:b3:3f:ce:be:a9,[8],[-84.75],1
965,4014,center,2017-12-27 13:08:41,d0:b3:3f:ce:be:a9,"[8, 13]","[-85.14285714285714, -86.0]",2
966,4014,center,2017-12-27 13:08:44,d0:b3:3f:ce:be:a9,"[8, 12, 14]","[-80.5, -85.8, -86.0]",3
967,4014,center,2017-12-27 13:08:46,d0:b3:3f:ce:be:a9,[13],[-84.4],1
968,4014,center,2017-12-27 13:08:47,d0:b3:3f:ce:be:a9,[8],[-82.1],1
969,4014,center,2017-12-27 13:08:48,d0:b3:3f:ce:be:a9,"[12, 14]","[-87.0, -83.375]",2
970,4014,center,2017-12-27 13:08:50,d0:b3:3f:ce:be:a9,[8],[-84.4375],1
971,4014,center,2017-12-27 13:08:51,d0:b3:3f:ce:be:a9,[13],[-86.125],1
972,4014,center,2017-12-27 13:08:52,d0:b3:3f:ce:be:a9,"[8, 12]","[-82.1, -87.0]",2
973,4014,center,2017-12-27 13:08:53,d0:b3:3f:ce:be:a9,[14],[-80.91304347826087],1
974,4014,center,2017-12-27 13:08:55,d0:b3:3f:ce:be:a9,[8],[-83.72727272727273],1
975,4014,center,2017-12-27 13:08:56,d0:b3:3f:ce:be:a9,"[12, 14]","[-85.0, -82.63157894736842]",2
976,4014,center,2017-12-27 13:08:57,d0:b3:3f:ce:be:a9,[8],[-83.8],1
977,4014,center,2017-12-27 13:08:58,d0:b3:3f:ce:be:a9,[13],[-86.0],1
978,4014,center,2017-12-27 13:09:00,d0:b3:3f:ce:be:a9,"[8, 14]","[-83.625, -80.84615384615384]",2
979,4014,center,2017-12-27 13:09:02,d0:b3:3f:ce:be:a9,"[8, 13]","[-83.4, -87.33333333333333]",2
980,4014,center,2017-12-27 13:09:04,d0:b3:3f:ce:be:a9,[14],[-82.83333333333333],1
981,4014,center,2017-12-27 13:09:05,d0:b3:3f:ce:be:a9,[8],[-83.6923076923077],1
982,4014,center,2017-12-27 13:09:06,d0:b3:3f:ce:be:a9,[13],[-86.5],1
983,4014,center,2017-12-27 13:09:08,d0:b3:3f:ce:be:a9,"[8, 14]","[-82.57142857142857, -83.14285714285714]",2
984,4014,center,2017-12-27 13:09:11,d0:b3:3f:ce:be:a9,"[8, 14]","[-82.66666666666667, -82.625]",2
985,4014,center,2017-12-27 13:09:14,d0:b3:3f:ce:be:a9,"[8, 13]","[-85.0, -87.0]",2
986,4014,center,2017-12-27 13:09:16,d0:b3:3f:ce:be:a9,[14],[-84.0],1
987,4014,center,2017-12-27 13:09:17,d0:b3:3f:ce:be:a9,[8],[-84.0],1
988,4014,center,2017-12-27 13:09:20,d0:b3:3f:ce:be:a9,[8],[-85.9],1
989,4014,center,2017-12-27 13:09:21,d0:b3:3f:ce:be:a9,[14],[-86.0],1
990,4014,center,2017-12-27 13:09:23,d0:b3:3f:ce:be:a9,[8],[-85.875],1
991,4014,center,2017-12-27 13:09:24,d0:b3:3f:ce:be:a9,[12],[-87.0],1
992,4014,center,2017-12-27 13:09:25,d0:b3:3f:ce:be:a9,"[8, 14]","[-80.6470588235294, -85.4]",2
993,4014,center,2017-12-27 13:09:29,d0:b3:3f:ce:be:a9,"[8, 12, 13, 14]","[-82.8125, -86.33333333333333, -86.0, -86.66666666666667]",4
994,4014,center,2017-12-27 13:09:33,d0:b3:3f:ce:be:a9,[8],[-82.75],1
995,4014,center,2017-12-27 13:09:34,d0:b3:3f:ce:be:a9,[14],[-87.0],1
996,4014,center,2017-12-27 13:09:36,d0:b3:3f:ce:be:a9,[8],[-84.8],1
997,4014,center,2017-12-27 13:09:42,d0:b3:3f:ce:be:a9,[13],[-85.75],1
998,4014,center,2017-12-27 13:09:46,d0:b3:3f:ce:be:a9,[8],[-88.0],1
999,4014,center,2017-12-27 13:09:47,d0:b3:3f:ce:be:a9,"[12, 13]","[-87.83333333333333, -80.75]",2
1000,4014,center,2017-12-27 13:09:49,d0:b3:3f:ce:be:a9,[8],[-88.0],1
1001,4014,center,2017-12-27 13:09:50,d0:b3:3f:ce:be:a9,"[12, 13]","[-86.3, -79.82608695652173]",2
1002,4014,center,2017-12-27 13:09:55,d0:b3:3f:ce:be:a9,"[8, 13]","[-85.72727272727273, -81.78378378378379]",2
1003,4014,center,2017-12-27 13:09:57,d0:b3:3f:ce:be:a9,"[10, 12]","[-83.0, -85.34615384615384]",2
1004,4014,center,2017-12-27 13:09:58,d0:b3:3f:ce:be:a9,[8],[-85.1],1
1005,4014,center,2017-12-27 13:09:59,d0:b3:3f:ce:be:a9,"[12, 13]","[-83.92307692307692, -76.71428571428571]",2
1006,4014,center,2017-12-27 13:10:00,d0:b3:3f:ce:be:a9,[10],[-86.0],1
1007,4014,center,2017-12-27 13:10:02,d0:b3:3f:ce:be:a9,"[8, 13]","[-84.81818181818181, -78.60714285714286]",2
1008,4014,center,2017-12-27 13:10:04,d0:b3:3f:ce:be:a9,"[10, 12]","[-84.0, -85.0]",2
1009,4014,center,2017-12-27 13:10:06,d0:b3:3f:ce:be:a9,"[8, 13]","[-84.6, -81.5]",2
1010,4014,center,2017-12-27 13:10:07,d0:b3:3f:ce:be:a9,[10],[-86.0],1
1011,4014,center,2017-12-27 13:10:12,d0:b3:3f:ce:be:a9,[12],[-87.0],1
1012,4014,center,2017-12-27 13:10:13,d0:b3:3f:ce:be:a9,"[8, 10]","[-88.0, -87.0]",2
1013,4014,center,2017-12-27 13:10:14,d0:b3:3f:ce:be:a9,[13],[-83.5],1
1014,4014,center,2017-12-27 13:36:56,d0:b3:3f:ce:be:a9,[10],[-87.5],1
1015,4014,center,2017-12-27 13:36:57,d0:b3:3f:ce:be:a9,[13],[-81.375],1
1016,4014,center,2017-12-27 13:36:58,d0:b3:3f:ce:be:a9,[8],[-85.75],1
1017,4014,center,2017-12-27 13:37:00,d0:b3:3f:ce:be:a9,[12],[-88.0],1
1018,4014,center,2017-12-27 13:37:01,d0:b3:3f:ce:be:a9,[10],[-85.0],1
1019,4014,center,2017-12-27 13:37:02,d0:b3:3f:ce:be:a9,[13],[-82.5],1
1020,4014,center,2017-12-27 13:37:04,d0:b3:3f:ce:be:a9,[8],[-85.33333333333333],1
1021,4014,center,2017-12-27 13:37:05,d0:b3:3f:ce:be:a9,[10],[-85.44444444444444],1
1022,4014,center,2017-12-27 13:37:07,d0:b3:3f:ce:be:a9,[13],[-86.33333333333333],1
1023,4014,center,2017-12-27 13:37:10,d0:b3:3f:ce:be:a9,[10],[-84.88888888888889],1
1024,4014,center,2017-12-27 13:37:12,d0:b3:3f:ce:be:a9,[13],[-86.66666666666667],1
1025,4014,center,2017-12-27 13:37:14,d0:b3:3f:ce:be:a9,[10],[-82.66666666666667],1
1026,4014,center,2017-12-27 13:37:18,d0:b3:3f:ce:be:a9,[10],[-87.0],1
